-- phpMyAdmin SQL Dump
-- version 4.2.11
-- http://www.phpmyadmin.net
--
-- Servidor: 127.0.0.1
-- Tiempo de generación: 24-06-2018 a las 22:04:09
-- Versión del servidor: 5.6.21
-- Versión de PHP: 5.6.3

SET SQL_MODE = "NO_AUTO_VALUE_ON_ZERO";
SET time_zone = "+00:00";


/*!40101 SET @OLD_CHARACTER_SET_CLIENT=@@CHARACTER_SET_CLIENT */;
/*!40101 SET @OLD_CHARACTER_SET_RESULTS=@@CHARACTER_SET_RESULTS */;
/*!40101 SET @OLD_COLLATION_CONNECTION=@@COLLATION_CONNECTION */;
/*!40101 SET NAMES utf8 */;

--
-- Base de datos: `db_test_placetopay`
--

-- --------------------------------------------------------

--
-- Estructura de tabla para la tabla `ptp_bank_ban`
--

CREATE TABLE IF NOT EXISTS `ptp_bank_ban` (
  `ban_id` int(10) unsigned NOT NULL,
  `ban_bank` varchar(255) NOT NULL,
  `ban_date` date NOT NULL
) ENGINE=InnoDB DEFAULT CHARSET=utf8;

--
-- Volcado de datos para la tabla `ptp_bank_ban`
--

INSERT INTO `ptp_bank_ban` (`ban_id`, `ban_bank`, `ban_date`) VALUES
(0, 'A continuación seleccione su banco', '2018-06-24'),
(1001, 'BANCO DE BOGOTA DESARROLLO 2013', '2018-06-24'),
(1002, 'BANCO POPULAR', '2018-06-24'),
(1004, 'Banco union Colombia Credito', '2018-06-24'),
(1005, 'Banco union Colombia credito FD', '2018-06-24'),
(1006, 'ITAU', '2018-06-24'),
(1007, 'BANCOLOMBIA QA', '2018-06-24'),
(1009, 'CITIBANK COLOMBIA S.A.', '2018-06-24'),
(1010, 'BANCO GNB COLOMBIA (ANTES HSBC)', '2018-06-24'),
(1012, 'BANCO GNB SUDAMERIS', '2018-06-24'),
(1013, 'BBVA COLOMBIA S.A.', '2018-06-24'),
(1016, 'BANCO COOPERATIVO COOPCENTRAL', '2018-06-24'),
(1019, 'BANCO COLPATRIA DESARROLLO', '2018-06-24'),
(1022, 'BANCO UNION COLOMBIANO', '2018-06-24'),
(1023, 'BANCO DE OCCIDENTE', '2018-06-24'),
(1032, 'BANCO CAJA SOCIAL DESARROLLO', '2018-06-24'),
(1035, 'BANCO TEQUENDAMA', '2018-06-24'),
(1040, 'BANCO AGRARIO', '2018-06-24'),
(1051, 'BANCO DAVIVIENDA', '2018-06-24'),
(1052, 'BANCO COMERCIAL AVVILLAS S.A.', '2018-06-24'),
(1055, 'Banco Web Service ACH WSE 3.0', '2018-06-24'),
(1058, 'BANCO PROCREDIT COLOMBIA', '2018-06-24'),
(1060, 'BANCO PICHINCHA S.A.', '2018-06-24'),
(1061, 'BANCO COOMEVA S.A. - BANCOOMEVA', '2018-06-24'),
(1062, 'BANCO FALABELLA', '2018-06-24'),
(1065, 'BANCO SANTANDER COLOMBIA', '2018-06-24'),
(1078, 'BANCO COLPATRIA UAT', '2018-06-24'),
(1080, 'BANCO AGRARIO QA DEFECTOS', '2018-06-24'),
(1081, 'BANCO AGRARIO DESARROLLO', '2018-06-24'),
(1101, 'Banco PSE', '2018-06-24'),
(1508, 'NEQUI CERTIFICACION', '2018-06-24'),
(1552, 'BAN.CO', '2018-06-24'),
(10071, 'BANCOLOMBIA DESARROLLO', '2018-06-24'),
(10072, 'BANCOLOMBIA DATAPOWER', '2018-06-24'),
(10322, 'BANCO CAJA SOCIAL', '2018-06-24'),
(10512, 'BANCO DAVIVIENDA Desarrollo', '2018-06-24'),
(121212, 'Prueba Steve', '2018-06-24');

-- --------------------------------------------------------

--
-- Estructura de tabla para la tabla `ptp_city_cit`
--

CREATE TABLE IF NOT EXISTS `ptp_city_cit` (
`cit_id` int(10) unsigned NOT NULL,
  `cit_cod_city` varchar(45) COLLATE utf8_unicode_ci NOT NULL,
  `cit_city` varchar(100) COLLATE utf8_unicode_ci NOT NULL,
  `ptp_province_pro_pro_id` int(10) unsigned NOT NULL
) ENGINE=InnoDB AUTO_INCREMENT=99774 DEFAULT CHARSET=utf8 COLLATE=utf8_unicode_ci;

--
-- Volcado de datos para la tabla `ptp_city_cit`
--

INSERT INTO `ptp_city_cit` (`cit_id`, `cit_cod_city`, `cit_city`, `ptp_province_pro_pro_id`) VALUES
(5001, '05001', 'MEDELLÍN', 5),
(5002, '05002', 'ABEJORRAL', 5),
(5004, '05004', 'ABRIAQUÍ', 5),
(5021, '05021', 'ALEJANDRÍA', 5),
(5030, '05030', 'AMAGÁ', 5),
(5031, '05031', 'AMALFI', 5),
(5034, '05034', 'ANDES', 5),
(5036, '05036', 'ANGELÓPOLIS', 5),
(5038, '05038', 'ANGOSTURA', 5),
(5040, '05040', 'ANORÍ', 5),
(5042, '05042', 'SANTA FÉ DE ANTIOQUIA', 5),
(5044, '05044', 'ANZÁ', 5),
(5045, '05045', 'APARTADÓ', 5),
(5051, '05051', 'ARBOLETES', 5),
(5055, '05055', 'ARGELIA', 5),
(5059, '05059', 'ARMENIA', 5),
(5079, '05079', 'BARBOSA', 5),
(5086, '05086', 'BELMIRA', 5),
(5088, '05088', 'BELLO', 5),
(5091, '05091', 'BETANIA', 5),
(5093, '05093', 'BETULIA', 5),
(5101, '05101', 'CIUDAD BOLÍVAR', 5),
(5107, '05107', 'BRICEÑO', 5),
(5113, '05113', 'BURITICÁ', 5),
(5120, '05120', 'CÁCERES', 5),
(5125, '05125', 'CAICEDO', 5),
(5129, '05129', 'CALDAS', 5),
(5134, '05134', 'CAMPAMENTO', 5),
(5138, '05138', 'CAÑASGORDAS', 5),
(5142, '05142', 'CARACOLÍ', 5),
(5145, '05145', 'CARAMANTA', 5),
(5147, '05147', 'CAREPA', 5),
(5148, '05148', 'EL CARMEN DE VIBORAL', 5),
(5150, '05150', 'CAROLINA', 5),
(5154, '05154', 'CAUCASIA', 5),
(5172, '05172', 'CHIGORODÓ', 5),
(5190, '05190', 'CISNEROS', 5),
(5197, '05197', 'COCORNÁ', 5),
(5206, '05206', 'CONCEPCIÓN', 5),
(5209, '05209', 'CONCORDIA', 5),
(5212, '05212', 'COPACABANA', 5),
(5234, '05234', 'DABEIBA', 5),
(5237, '05237', 'DONMATÍAS', 5),
(5240, '05240', 'EBÉJICO', 5),
(5250, '05250', 'EL BAGRE', 5),
(5264, '05264', 'ENTRERRÍOS', 5),
(5266, '05266', 'ENVIGADO', 5),
(5282, '05282', 'FREDONIA', 5),
(5284, '05284', 'FRONTINO', 5),
(5306, '05306', 'GIRALDO', 5),
(5308, '05308', 'GIRARDOTA', 5),
(5310, '05310', 'GÓMEZ PLATA', 5),
(5313, '05313', 'GRANADA', 5),
(5315, '05315', 'GUADALUPE', 5),
(5318, '05318', 'GUARNE', 5),
(5321, '05321', 'GUATAPÉ', 5),
(5347, '05347', 'HELICONIA', 5),
(5353, '05353', 'HISPANIA', 5),
(5360, '05360', 'ITAGÜÍ', 5),
(5361, '05361', 'ITUANGO', 5),
(5364, '05364', 'JARDÍN', 5),
(5368, '05368', 'JERICÓ', 5),
(5376, '05376', 'LA CEJA', 5),
(5380, '05380', 'LA ESTRELLA', 5),
(5390, '05390', 'LA PINTADA', 5),
(5400, '05400', 'LA UNIÓN', 5),
(5411, '05411', 'LIBORINA', 5),
(5425, '05425', 'MACEO', 5),
(5440, '05440', 'MARINILLA', 5),
(5467, '05467', 'MONTEBELLO', 5),
(5475, '05475', 'MURINDÓ', 5),
(5480, '05480', 'MUTATÁ', 5),
(5483, '05483', 'NARIÑO', 5),
(5490, '05490', 'NECOCLÍ', 5),
(5495, '05495', 'NECHÍ', 5),
(5501, '05501', 'OLAYA', 5),
(5541, '05541', 'PEÑOL', 5),
(5543, '05543', 'PEQUE', 5),
(5576, '05576', 'PUEBLORRICO', 5),
(5579, '05579', 'PUERTO BERRÍO', 5),
(5585, '05585', 'PUERTO NARE', 5),
(5591, '05591', 'PUERTO TRIUNFO', 5),
(5604, '05604', 'REMEDIOS', 5),
(5607, '05607', 'RETIRO', 5),
(5615, '05615', 'RIONEGRO', 5),
(5628, '05628', 'SABANALARGA', 5),
(5631, '05631', 'SABANETA', 5),
(5642, '05642', 'SALGAR', 5),
(5647, '05647', 'SAN ANDRÉS DE CUERQUÍA', 5),
(5649, '05649', 'SAN CARLOS', 5),
(5652, '05652', 'SAN FRANCISCO', 5),
(5656, '05656', 'SAN JERÓNIMO', 5),
(5658, '05658', 'SAN JOSÉ DE LA MONTAÑA', 5),
(5659, '05659', 'SAN JUAN DE URABÁ', 5),
(5660, '05660', 'SAN LUIS', 5),
(5664, '05664', 'SAN PEDRO DE LOS MILAGROS', 5),
(5665, '05665', 'SAN PEDRO DE URABÁ', 5),
(5667, '05667', 'SAN RAFAEL', 5),
(5670, '05670', 'SAN ROQUE', 5),
(5674, '05674', 'SAN VICENTE FERRER', 5),
(5679, '05679', 'SANTA BÁRBARA', 5),
(5686, '05686', 'SANTA ROSA DE OSOS', 5),
(5690, '05690', 'SANTO DOMINGO', 5),
(5697, '05697', 'EL SANTUARIO', 5),
(5736, '05736', 'SEGOVIA', 5),
(5756, '05756', 'SONSÓN', 5),
(5761, '05761', 'SOPETRÁN', 5),
(5789, '05789', 'TÁMESIS', 5),
(5790, '05790', 'TARAZÁ', 5),
(5792, '05792', 'TARSO', 5),
(5809, '05809', 'TITIRIBÍ', 5),
(5819, '05819', 'TOLEDO', 5),
(5837, '05837', 'TURBO', 5),
(5842, '05842', 'URAMITA', 5),
(5847, '05847', 'URRAO', 5),
(5854, '05854', 'VALDIVIA', 5),
(5856, '05856', 'VALPARAÍSO', 5),
(5858, '05858', 'VEGACHÍ', 5),
(5861, '05861', 'VENECIA', 5),
(5873, '05873', 'VIGÍA DEL FUERTE', 5),
(5885, '05885', 'YALÍ', 5),
(5887, '05887', 'YARUMAL', 5),
(5890, '05890', 'YOLOMBÓ', 5),
(5893, '05893', 'YONDÓ', 5),
(5895, '05895', 'ZARAGOZA', 5),
(8001, '08001', 'BARRANQUILLA', 8),
(8078, '08078', 'BARANOA', 8),
(8137, '08137', 'CAMPO DE LA CRUZ', 8),
(8141, '08141', 'CANDELARIA', 8),
(8296, '08296', 'GALAPA', 8),
(8372, '08372', 'JUAN DE ACOSTA', 8),
(8421, '08421', 'LURUACO', 8),
(8433, '08433', 'MALAMBO', 8),
(8436, '08436', 'MANATÍ', 8),
(8520, '08520', 'PALMAR DE VARELA', 8),
(8549, '08549', 'PIOJÓ', 8),
(8558, '08558', 'POLONUEVO', 8),
(8560, '08560', 'PONEDERA', 8),
(8573, '08573', 'PUERTO COLOMBIA', 8),
(8606, '08606', 'REPELÓN', 8),
(8634, '08634', 'SABANAGRANDE', 8),
(8638, '08638', 'SABANALARGA', 8),
(8675, '08675', 'SANTA LUCÍA', 8),
(8685, '08685', 'SANTO TOMÁS', 8),
(8758, '08758', 'SOLEDAD', 8),
(8770, '08770', 'SUAN', 8),
(8832, '08832', 'TUBARÁ', 8),
(8849, '08849', 'USIACURÍ', 8),
(11001, '11001', 'BOGOTÁ, D.C.', 11),
(13001, '13001', 'CARTAGENA DE INDIAS', 13),
(13006, '13006', 'ACHÍ', 13),
(13030, '13030', 'ALTOS DEL ROSARIO', 13),
(13042, '13042', 'ARENAL', 13),
(13052, '13052', 'ARJONA', 13),
(13062, '13062', 'ARROYOHONDO', 13),
(13074, '13074', 'BARRANCO DE LOBA', 13),
(13140, '13140', 'CALAMAR', 13),
(13160, '13160', 'CANTAGALLO', 13),
(13188, '13188', 'CICUCO', 13),
(13212, '13212', 'CÓRDOBA', 13),
(13222, '13222', 'CLEMENCIA', 13),
(13244, '13244', 'EL CARMEN DE BOLÍVAR', 13),
(13248, '13248', 'EL GUAMO', 13),
(13268, '13268', 'EL PEÑÓN', 13),
(13300, '13300', 'HATILLO DE LOBA', 13),
(13430, '13430', 'MAGANGUÉ', 13),
(13433, '13433', 'MAHATES', 13),
(13440, '13440', 'MARGARITA', 13),
(13442, '13442', 'MARÍA LA BAJA', 13),
(13458, '13458', 'MONTECRISTO', 13),
(13468, '13468', 'MOMPÓS', 13),
(13473, '13473', 'MORALES', 13),
(13490, '13490', 'NOROSÍ', 13),
(13549, '13549', 'PINILLOS', 13),
(13580, '13580', 'REGIDOR', 13),
(13600, '13600', 'RÍO VIEJO', 13),
(13620, '13620', 'SAN CRISTÓBAL', 13),
(13647, '13647', 'SAN ESTANISLAO', 13),
(13650, '13650', 'SAN FERNANDO', 13),
(13654, '13654', 'SAN JACINTO', 13),
(13655, '13655', 'SAN JACINTO DEL CAUCA', 13),
(13657, '13657', 'SAN JUAN NEPOMUCENO', 13),
(13667, '13667', 'SAN MARTÍN DE LOBA', 13),
(13670, '13670', 'SAN PABLO', 13),
(13673, '13673', 'SANTA CATALINA', 13),
(13683, '13683', 'SANTA ROSA', 13),
(13688, '13688', 'SANTA ROSA DEL SUR', 13),
(13744, '13744', 'SIMITÍ', 13),
(13760, '13760', 'SOPLAVIENTO', 13),
(13780, '13780', 'TALAIGUA NUEVO', 13),
(13810, '13810', 'TIQUISIO', 13),
(13836, '13836', 'TURBACO', 13),
(13838, '13838', 'TURBANÁ', 13),
(13873, '13873', 'VILLANUEVA', 13),
(13894, '13894', 'ZAMBRANO', 13),
(15001, '15001', 'TUNJA', 15),
(15022, '15022', 'ALMEIDA', 15),
(15047, '15047', 'AQUITANIA', 15),
(15051, '15051', 'ARCABUCO', 15),
(15087, '15087', 'BELÉN', 15),
(15090, '15090', 'BERBEO', 15),
(15092, '15092', 'BETÉITIVA', 15),
(15097, '15097', 'BOAVITA', 15),
(15104, '15104', 'BOYACÁ', 15),
(15106, '15106', 'BRICEÑO', 15),
(15109, '15109', 'BUENAVISTA', 15),
(15114, '15114', 'BUSBANZÁ', 15),
(15131, '15131', 'CALDAS', 15),
(15135, '15135', 'CAMPOHERMOSO', 15),
(15162, '15162', 'CERINZA', 15),
(15172, '15172', 'CHINAVITA', 15),
(15176, '15176', 'CHIQUINQUIRÁ', 15),
(15180, '15180', 'CHISCAS', 15),
(15183, '15183', 'CHITA', 15),
(15185, '15185', 'CHITARAQUE', 15),
(15187, '15187', 'CHIVATÁ', 15),
(15189, '15189', 'CIÉNEGA', 15),
(15204, '15204', 'CÓMBITA', 15),
(15212, '15212', 'COPER', 15),
(15215, '15215', 'CORRALES', 15),
(15218, '15218', 'COVARACHÍA', 15),
(15223, '15223', 'CUBARÁ', 15),
(15224, '15224', 'CUCAITA', 15),
(15226, '15226', 'CUÍTIVA', 15),
(15232, '15232', 'CHÍQUIZA', 15),
(15236, '15236', 'CHIVOR', 15),
(15238, '15238', 'DUITAMA', 15),
(15244, '15244', 'EL COCUY', 15),
(15248, '15248', 'EL ESPINO', 15),
(15272, '15272', 'FIRAVITOBA', 15),
(15276, '15276', 'FLORESTA', 15),
(15293, '15293', 'GACHANTIVÁ', 15),
(15296, '15296', 'GÁMEZA', 15),
(15299, '15299', 'GARAGOA', 15),
(15317, '15317', 'GUACAMAYAS', 15),
(15322, '15322', 'GUATEQUE', 15),
(15325, '15325', 'GUAYATÁ', 15),
(15332, '15332', 'GÜICÁN', 15),
(15362, '15362', 'IZA', 15),
(15367, '15367', 'JENESANO', 15),
(15368, '15368', 'JERICÓ', 15),
(15377, '15377', 'LABRANZAGRANDE', 15),
(15380, '15380', 'LA CAPILLA', 15),
(15401, '15401', 'LA VICTORIA', 15),
(15403, '15403', 'LA UVITA', 15),
(15407, '15407', 'VILLA DE LEYVA', 15),
(15425, '15425', 'MACANAL', 15),
(15442, '15442', 'MARIPÍ', 15),
(15455, '15455', 'MIRAFLORES', 15),
(15464, '15464', 'MONGUA', 15),
(15466, '15466', 'MONGUÍ', 15),
(15469, '15469', 'MONIQUIRÁ', 15),
(15476, '15476', 'MOTAVITA', 15),
(15480, '15480', 'MUZO', 15),
(15491, '15491', 'NOBSA', 15),
(15494, '15494', 'NUEVO COLÓN', 15),
(15500, '15500', 'OICATÁ', 15),
(15507, '15507', 'OTANCHE', 15),
(15511, '15511', 'PACHAVITA', 15),
(15514, '15514', 'PÁEZ', 15),
(15516, '15516', 'PAIPA', 15),
(15518, '15518', 'PAJARITO', 15),
(15522, '15522', 'PANQUEBA', 15),
(15531, '15531', 'PAUNA', 15),
(15533, '15533', 'PAYA', 15),
(15537, '15537', 'PAZ DE RÍO', 15),
(15542, '15542', 'PESCA', 15),
(15550, '15550', 'PISBA', 15),
(15572, '15572', 'PUERTO BOYACÁ', 15),
(15580, '15580', 'QUÍPAMA', 15),
(15599, '15599', 'RAMIRIQUÍ', 15),
(15600, '15600', 'RÁQUIRA', 15),
(15621, '15621', 'RONDÓN', 15),
(15632, '15632', 'SABOYÁ', 15),
(15638, '15638', 'SÁCHICA', 15),
(15646, '15646', 'SAMACÁ', 15),
(15660, '15660', 'SAN EDUARDO', 15),
(15664, '15664', 'SAN JOSÉ DE PARE', 15),
(15667, '15667', 'SAN LUIS DE GACENO', 15),
(15673, '15673', 'SAN MATEO', 15),
(15676, '15676', 'SAN MIGUEL DE SEMA', 15),
(15681, '15681', 'SAN PABLO DE BORBUR', 15),
(15686, '15686', 'SANTANA', 15),
(15690, '15690', 'SANTA MARÍA', 15),
(15693, '15693', 'SANTA ROSA DE VITERBO', 15),
(15696, '15696', 'SANTA SOFÍA', 15),
(15720, '15720', 'SATIVANORTE', 15),
(15723, '15723', 'SATIVASUR', 15),
(15740, '15740', 'SIACHOQUE', 15),
(15753, '15753', 'SOATÁ', 15),
(15755, '15755', 'SOCOTÁ', 15),
(15757, '15757', 'SOCHA', 15),
(15759, '15759', 'SOGAMOSO', 15),
(15761, '15761', 'SOMONDOCO', 15),
(15762, '15762', 'SORA', 15),
(15763, '15763', 'SOTAQUIRÁ', 15),
(15764, '15764', 'SORACÁ', 15),
(15774, '15774', 'SUSACÓN', 15),
(15776, '15776', 'SUTAMARCHÁN', 15),
(15778, '15778', 'SUTATENZA', 15),
(15790, '15790', 'TASCO', 15),
(15798, '15798', 'TENZA', 15),
(15804, '15804', 'TIBANÁ', 15),
(15806, '15806', 'TIBASOSA', 15),
(15808, '15808', 'TINJACÁ', 15),
(15810, '15810', 'TIPACOQUE', 15),
(15814, '15814', 'TOCA', 15),
(15816, '15816', 'TOGÜÍ', 15),
(15820, '15820', 'TÓPAGA', 15),
(15822, '15822', 'TOTA', 15),
(15832, '15832', 'TUNUNGUÁ', 15),
(15835, '15835', 'TURMEQUÉ', 15),
(15837, '15837', 'TUTA', 15),
(15839, '15839', 'TUTAZÁ', 15),
(15842, '15842', 'ÚMBITA', 15),
(15861, '15861', 'VENTAQUEMADA', 15),
(15879, '15879', 'VIRACACHÁ', 15),
(15897, '15897', 'ZETAQUIRA', 15),
(17001, '17001', 'MANIZALES', 17),
(17013, '17013', 'AGUADAS', 17),
(17042, '17042', 'ANSERMA', 17),
(17050, '17050', 'ARANZAZU', 17),
(17088, '17088', 'BELALCÁZAR', 17),
(17174, '17174', 'CHINCHINÁ', 17),
(17272, '17272', 'FILADELFIA', 17),
(17380, '17380', 'LA DORADA', 17),
(17388, '17388', 'LA MERCED', 17),
(17433, '17433', 'MANZANARES', 17),
(17442, '17442', 'MARMATO', 17),
(17444, '17444', 'MARQUETALIA', 17),
(17446, '17446', 'MARULANDA', 17),
(17486, '17486', 'NEIRA', 17),
(17495, '17495', 'NORCASIA', 17),
(17513, '17513', 'PÁCORA', 17),
(17524, '17524', 'PALESTINA', 17),
(17541, '17541', 'PENSILVANIA', 17),
(17614, '17614', 'RIOSUCIO', 17),
(17616, '17616', 'RISARALDA', 17),
(17653, '17653', 'SALAMINA', 17),
(17662, '17662', 'SAMANÁ', 17),
(17665, '17665', 'SAN JOSÉ', 17),
(17777, '17777', 'SUPÍA', 17),
(17867, '17867', 'VICTORIA', 17),
(17873, '17873', 'VILLAMARÍA', 17),
(17877, '17877', 'VITERBO', 17),
(18001, '18001', 'FLORENCIA', 18),
(18029, '18029', 'ALBANIA', 18),
(18094, '18094', 'BELÉN DE LOS ANDAQUÍES', 18),
(18150, '18150', 'CARTAGENA DEL CHAIRÁ', 18),
(18205, '18205', 'CURILLO', 18),
(18247, '18247', 'EL DONCELLO', 18),
(18256, '18256', 'EL PAUJÍL', 18),
(18410, '18410', 'LA MONTAÑITA', 18),
(18460, '18460', 'MILÁN', 18),
(18479, '18479', 'MORELIA', 18),
(18592, '18592', 'PUERTO RICO', 18),
(18610, '18610', 'SAN JOSÉ DEL FRAGUA', 18),
(18753, '18753', 'SAN VICENTE DEL CAGUÁN', 18),
(18756, '18756', 'SOLANO', 18),
(18785, '18785', 'SOLITA', 18),
(18860, '18860', 'VALPARAÍSO', 18),
(19001, '19001', 'POPAYÁN', 19),
(19022, '19022', 'ALMAGUER', 19),
(19050, '19050', 'ARGELIA', 19),
(19075, '19075', 'BALBOA', 19),
(19100, '19100', 'BOLÍVAR', 19),
(19110, '19110', 'BUENOS AIRES', 19),
(19130, '19130', 'CAJIBÍO', 19),
(19137, '19137', 'CALDONO', 19),
(19142, '19142', 'CALOTO', 19),
(19212, '19212', 'CORINTO', 19),
(19256, '19256', 'EL TAMBO', 19),
(19290, '19290', 'FLORENCIA', 19),
(19300, '19300', 'GUACHENÉ', 19),
(19318, '19318', 'GUAPÍ', 19),
(19355, '19355', 'INZÁ', 19),
(19364, '19364', 'JAMBALÓ', 19),
(19392, '19392', 'LA SIERRA', 19),
(19397, '19397', 'LA VEGA', 19),
(19418, '19418', 'LÓPEZ DE MICAY', 19),
(19450, '19450', 'MERCADERES', 19),
(19455, '19455', 'MIRANDA', 19),
(19473, '19473', 'MORALES', 19),
(19513, '19513', 'PADILLA', 19),
(19517, '19517', 'PÁEZ', 19),
(19532, '19532', 'PATÍA', 19),
(19533, '19533', 'PIAMONTE', 19),
(19548, '19548', 'PIENDAMÓ', 19),
(19573, '19573', 'PUERTO TEJADA', 19),
(19585, '19585', 'PURACÉ', 19),
(19622, '19622', 'ROSAS', 19),
(19693, '19693', 'SAN SEBASTIÁN', 19),
(19698, '19698', 'SANTANDER DE QUILICHAO', 19),
(19701, '19701', 'SANTA ROSA', 19),
(19743, '19743', 'SILVIA', 19),
(19760, '19760', 'SOTARA', 19),
(19780, '19780', 'SUÁREZ', 19),
(19785, '19785', 'SUCRE', 19),
(19807, '19807', 'TIMBÍO', 19),
(19809, '19809', 'TIMBIQUÍ', 19),
(19821, '19821', 'TORIBÍO', 19),
(19824, '19824', 'TOTORÓ', 19),
(19845, '19845', 'VILLA RICA', 19),
(20001, '20001', 'VALLEDUPAR', 20),
(20011, '20011', 'AGUACHICA', 20),
(20013, '20013', 'AGUSTÍN CODAZZI', 20),
(20032, '20032', 'ASTREA', 20),
(20045, '20045', 'BECERRIL', 20),
(20060, '20060', 'BOSCONIA', 20),
(20175, '20175', 'CHIMICHAGUA', 20),
(20178, '20178', 'CHIRIGUANÁ', 20),
(20228, '20228', 'CURUMANÍ', 20),
(20238, '20238', 'EL COPEY', 20),
(20250, '20250', 'EL PASO', 20),
(20295, '20295', 'GAMARRA', 20),
(20310, '20310', 'GONZÁLEZ', 20),
(20383, '20383', 'LA GLORIA', 20),
(20400, '20400', 'LA JAGUA DE IBIRICO', 20),
(20443, '20443', 'MANAURE BALCÓN DEL CESAR', 20),
(20517, '20517', 'PAILITAS', 20),
(20550, '20550', 'PELAYA', 20),
(20570, '20570', 'PUEBLO BELLO', 20),
(20614, '20614', 'RÍO DE ORO', 20),
(20621, '20621', 'LA PAZ', 20),
(20710, '20710', 'SAN ALBERTO', 20),
(20750, '20750', 'SAN DIEGO', 20),
(20770, '20770', 'SAN MARTÍN', 20),
(20787, '20787', 'TAMALAMEQUE', 20),
(23001, '23001', 'MONTERÍA', 23),
(23068, '23068', 'AYAPEL', 23),
(23079, '23079', 'BUENAVISTA', 23),
(23090, '23090', 'CANALETE', 23),
(23162, '23162', 'CERETÉ', 23),
(23168, '23168', 'CHIMÁ', 23),
(23182, '23182', 'CHINÚ', 23),
(23189, '23189', 'CIÉNAGA DE ORO', 23),
(23300, '23300', 'COTORRA', 23),
(23350, '23350', 'LA APARTADA', 23),
(23417, '23417', 'LORICA', 23),
(23419, '23419', 'LOS CÓRDOBAS', 23),
(23464, '23464', 'MOMIL', 23),
(23466, '23466', 'MONTELÍBANO', 23),
(23500, '23500', 'MOÑITOS', 23),
(23555, '23555', 'PLANETA RICA', 23),
(23570, '23570', 'PUEBLO NUEVO', 23),
(23574, '23574', 'PUERTO ESCONDIDO', 23),
(23580, '23580', 'PUERTO LIBERTADOR', 23),
(23586, '23586', 'PURÍSIMA DE LA CONCEPCIÓN', 23),
(23660, '23660', 'SAHAGÚN', 23),
(23670, '23670', 'SAN ANDRÉS DE SOTAVENTO', 23),
(23672, '23672', 'SAN ANTERO', 23),
(23675, '23675', 'SAN BERNARDO DEL VIENTO', 23),
(23678, '23678', 'SAN CARLOS', 23),
(23682, '23682', 'SAN JOSÉ DE URÉ', 23),
(23686, '23686', 'SAN PELAYO', 23),
(23807, '23807', 'TIERRALTA', 23),
(23815, '23815', 'TUCHÍN', 23),
(23855, '23855', 'VALENCIA', 23),
(25001, '25001', 'AGUA DE DIOS', 25),
(25019, '25019', 'ALBÁN', 25),
(25035, '25035', 'ANAPOIMA', 25),
(25040, '25040', 'ANOLAIMA', 25),
(25053, '25053', 'ARBELÁEZ', 25),
(25086, '25086', 'BELTRÁN', 25),
(25095, '25095', 'BITUIMA', 25),
(25099, '25099', 'BOJACÁ', 25),
(25120, '25120', 'CABRERA', 25),
(25123, '25123', 'CACHIPAY', 25),
(25126, '25126', 'CAJICÁ', 25),
(25148, '25148', 'CAPARRAPÍ', 25),
(25151, '25151', 'CÁQUEZA', 25),
(25154, '25154', 'CARMEN DE CARUPA', 25),
(25168, '25168', 'CHAGUANÍ', 25),
(25175, '25175', 'CHÍA', 25),
(25178, '25178', 'CHIPAQUE', 25),
(25181, '25181', 'CHOACHÍ', 25),
(25183, '25183', 'CHOCONTÁ', 25),
(25200, '25200', 'COGUA', 25),
(25214, '25214', 'COTA', 25),
(25224, '25224', 'CUCUNUBÁ', 25),
(25245, '25245', 'EL COLEGIO', 25),
(25258, '25258', 'EL PEÑÓN', 25),
(25260, '25260', 'EL ROSAL', 25),
(25269, '25269', 'FACATATIVÁ', 25),
(25279, '25279', 'FÓMEQUE', 25),
(25281, '25281', 'FOSCA', 25),
(25286, '25286', 'FUNZA', 25),
(25288, '25288', 'FÚQUENE', 25),
(25290, '25290', 'FUSAGASUGÁ', 25),
(25293, '25293', 'GACHALÁ', 25),
(25295, '25295', 'GACHANCIPÁ', 25),
(25297, '25297', 'GACHETÁ', 25),
(25299, '25299', 'GAMA', 25),
(25307, '25307', 'GIRARDOT', 25),
(25312, '25312', 'GRANADA', 25),
(25317, '25317', 'GUACHETÁ', 25),
(25320, '25320', 'GUADUAS', 25),
(25322, '25322', 'GUASCA', 25),
(25324, '25324', 'GUATAQUÍ', 25),
(25326, '25326', 'GUATAVITA', 25),
(25328, '25328', 'GUAYABAL DE SÍQUIMA', 25),
(25335, '25335', 'GUAYABETAL', 25),
(25339, '25339', 'GUTIÉRREZ', 25),
(25368, '25368', 'JERUSALÉN', 25),
(25372, '25372', 'JUNÍN', 25),
(25377, '25377', 'LA CALERA', 25),
(25386, '25386', 'LA MESA', 25),
(25394, '25394', 'LA PALMA', 25),
(25398, '25398', 'LA PEÑA', 25),
(25402, '25402', 'LA VEGA', 25),
(25407, '25407', 'LENGUAZAQUE', 25),
(25426, '25426', 'MACHETÁ', 25),
(25430, '25430', 'MADRID', 25),
(25436, '25436', 'MANTA', 25),
(25438, '25438', 'MEDINA', 25),
(25473, '25473', 'MOSQUERA', 25),
(25483, '25483', 'NARIÑO', 25),
(25486, '25486', 'NEMOCÓN', 25),
(25488, '25488', 'NILO', 25),
(25489, '25489', 'NIMAIMA', 25),
(25491, '25491', 'NOCAIMA', 25),
(25506, '25506', 'VENECIA', 25),
(25513, '25513', 'PACHO', 25),
(25518, '25518', 'PAIME', 25),
(25524, '25524', 'PANDI', 25),
(25530, '25530', 'PARATEBUENO', 25),
(25535, '25535', 'PASCA', 25),
(25572, '25572', 'PUERTO SALGAR', 25),
(25580, '25580', 'PULÍ', 25),
(25592, '25592', 'QUEBRADANEGRA', 25),
(25594, '25594', 'QUETAME', 25),
(25596, '25596', 'QUIPILE', 25),
(25599, '25599', 'APULO', 25),
(25612, '25612', 'RICAURTE', 25),
(25645, '25645', 'SAN ANTONIO DEL TEQUENDAMA', 25),
(25649, '25649', 'SAN BERNARDO', 25),
(25653, '25653', 'SAN CAYETANO', 25),
(25658, '25658', 'SAN FRANCISCO', 25),
(25662, '25662', 'SAN JUAN DE RIOSECO', 25),
(25718, '25718', 'SASAIMA', 25),
(25736, '25736', 'SESQUILÉ', 25),
(25740, '25740', 'SIBATÉ', 25),
(25743, '25743', 'SILVANIA', 25),
(25745, '25745', 'SIMIJACA', 25),
(25754, '25754', 'SOACHA', 25),
(25758, '25758', 'SOPÓ', 25),
(25769, '25769', 'SUBACHOQUE', 25),
(25772, '25772', 'SUESCA', 25),
(25777, '25777', 'SUPATÁ', 25),
(25779, '25779', 'SUSA', 25),
(25781, '25781', 'SUTATAUSA', 25),
(25785, '25785', 'TABIO', 25),
(25793, '25793', 'TAUSA', 25),
(25797, '25797', 'TENA', 25),
(25799, '25799', 'TENJO', 25),
(25805, '25805', 'TIBACUY', 25),
(25807, '25807', 'TIBIRITA', 25),
(25815, '25815', 'TOCAIMA', 25),
(25817, '25817', 'TOCANCIPÁ', 25),
(25823, '25823', 'TOPAIPÍ', 25),
(25839, '25839', 'UBALÁ', 25),
(25841, '25841', 'UBAQUE', 25),
(25843, '25843', 'VILLA DE SAN DIEGO DE UBATÉ', 25),
(25845, '25845', 'UNE', 25),
(25851, '25851', 'ÚTICA', 25),
(25862, '25862', 'VERGARA', 25),
(25867, '25867', 'VIANÍ', 25),
(25871, '25871', 'VILLAGÓMEZ', 25),
(25873, '25873', 'VILLAPINZÓN', 25),
(25875, '25875', 'VILLETA', 25),
(25878, '25878', 'VIOTÁ', 25),
(25885, '25885', 'YACOPÍ', 25),
(25898, '25898', 'ZIPACÓN', 25),
(25899, '25899', 'ZIPAQUIRÁ', 25),
(27001, '27001', 'QUIBDÓ', 27),
(27006, '27006', 'ACANDÍ', 27),
(27025, '27025', 'ALTO BAUDÓ', 27),
(27050, '27050', 'ATRATO', 27),
(27073, '27073', 'BAGADÓ', 27),
(27075, '27075', 'BAHÍA SOLANO', 27),
(27077, '27077', 'BAJO BAUDÓ', 27),
(27099, '27099', 'BOJAYÁ', 27),
(27135, '27135', 'EL CANTÓN DEL SAN PABLO', 27),
(27150, '27150', 'CARMEN DEL DARIÉN', 27),
(27160, '27160', 'CÉRTEGUI', 27),
(27205, '27205', 'CONDOTO', 27),
(27245, '27245', 'EL CARMEN DE ATRATO', 27),
(27250, '27250', 'EL LITORAL DEL SAN JUAN', 27),
(27361, '27361', 'ISTMINA', 27),
(27372, '27372', 'JURADÓ', 27),
(27413, '27413', 'LLORÓ', 27),
(27425, '27425', 'MEDIO ATRATO', 27),
(27430, '27430', 'MEDIO BAUDÓ', 27),
(27450, '27450', 'MEDIO SAN JUAN', 27),
(27491, '27491', 'NÓVITA', 27),
(27495, '27495', 'NUQUÍ', 27),
(27580, '27580', 'RÍO IRÓ', 27),
(27600, '27600', 'RÍO QUITO', 27),
(27615, '27615', 'RIOSUCIO', 27),
(27660, '27660', 'SAN JOSÉ DEL PALMAR', 27),
(27745, '27745', 'SIPÍ', 27),
(27787, '27787', 'TADÓ', 27),
(27800, '27800', 'UNGUÍA', 27),
(27810, '27810', 'UNIÓN PANAMERICANA', 27),
(41001, '41001', 'NEIVA', 41),
(41006, '41006', 'ACEVEDO', 41),
(41013, '41013', 'AGRADO', 41),
(41016, '41016', 'AIPE', 41),
(41020, '41020', 'ALGECIRAS', 41),
(41026, '41026', 'ALTAMIRA', 41),
(41078, '41078', 'BARAYA', 41),
(41132, '41132', 'CAMPOALEGRE', 41),
(41206, '41206', 'COLOMBIA', 41),
(41244, '41244', 'ELÍAS', 41),
(41298, '41298', 'GARZÓN', 41),
(41306, '41306', 'GIGANTE', 41),
(41319, '41319', 'GUADALUPE', 41),
(41349, '41349', 'HOBO', 41),
(41357, '41357', 'ÍQUIRA', 41),
(41359, '41359', 'ISNOS', 41),
(41378, '41378', 'LA ARGENTINA', 41),
(41396, '41396', 'LA PLATA', 41),
(41483, '41483', 'NÁTAGA', 41),
(41503, '41503', 'OPORAPA', 41),
(41518, '41518', 'PAICOL', 41),
(41524, '41524', 'PALERMO', 41),
(41530, '41530', 'PALESTINA', 41),
(41548, '41548', 'PITAL', 41),
(41551, '41551', 'PITALITO', 41),
(41615, '41615', 'RIVERA', 41),
(41660, '41660', 'SALADOBLANCO', 41),
(41668, '41668', 'SAN AGUSTÍN', 41),
(41676, '41676', 'SANTA MARÍA', 41),
(41770, '41770', 'SUAZA', 41),
(41791, '41791', 'TARQUI', 41),
(41797, '41797', 'TESALIA', 41),
(41799, '41799', 'TELLO', 41),
(41801, '41801', 'TERUEL', 41),
(41807, '41807', 'TIMANÁ', 41),
(41872, '41872', 'VILLAVIEJA', 41),
(41885, '41885', 'YAGUARÁ', 41),
(44001, '44001', 'RIOHACHA', 44),
(44035, '44035', 'ALBANIA', 44),
(44078, '44078', 'BARRANCAS', 44),
(44090, '44090', 'DIBULLA', 44),
(44098, '44098', 'DISTRACCIÓN', 44),
(44110, '44110', 'EL MOLINO', 44),
(44279, '44279', 'FONSECA', 44),
(44378, '44378', 'HATONUEVO', 44),
(44420, '44420', 'LA JAGUA DEL PILAR', 44),
(44430, '44430', 'MAICAO', 44),
(44560, '44560', 'MANAURE', 44),
(44650, '44650', 'SAN JUAN DEL CESAR', 44),
(44847, '44847', 'URIBIA', 44),
(44855, '44855', 'URUMITA', 44),
(44874, '44874', 'VILLANUEVA', 44),
(47001, '47001', 'SANTA MARTA', 47),
(47030, '47030', 'ALGARROBO', 47),
(47053, '47053', 'ARACATACA', 47),
(47058, '47058', 'ARIGUANÍ', 47),
(47161, '47161', 'CERRO DE SAN ANTONIO', 47),
(47170, '47170', 'CHIVOLO', 47),
(47189, '47189', 'CIÉNAGA', 47),
(47205, '47205', 'CONCORDIA', 47),
(47245, '47245', 'EL BANCO', 47),
(47258, '47258', 'EL PIÑÓN', 47),
(47268, '47268', 'EL RETÉN', 47),
(47288, '47288', 'FUNDACIÓN', 47),
(47318, '47318', 'GUAMAL', 47),
(47460, '47460', 'NUEVA GRANADA', 47),
(47541, '47541', 'PEDRAZA', 47),
(47545, '47545', 'PIJIÑO DEL CARMEN', 47),
(47551, '47551', 'PIVIJAY', 47),
(47555, '47555', 'PLATO', 47),
(47570, '47570', 'PUEBLOVIEJO', 47),
(47605, '47605', 'REMOLINO', 47),
(47660, '47660', 'SABANAS DE SAN ÁNGEL', 47),
(47675, '47675', 'SALAMINA', 47),
(47692, '47692', 'SAN SEBASTIÁN DE BUENAVISTA', 47),
(47703, '47703', 'SAN ZENÓN', 47),
(47707, '47707', 'SANTA ANA', 47),
(47720, '47720', 'SANTA BÁRBARA DE PINTO', 47),
(47745, '47745', 'SITIONUEVO', 47),
(47798, '47798', 'TENERIFE', 47),
(47960, '47960', 'ZAPAYÁN', 47),
(47980, '47980', 'ZONA BANANERA', 47),
(50001, '50001', 'VILLAVICENCIO', 50),
(50006, '50006', 'ACACÍAS', 50),
(50110, '50110', 'BARRANCA DE UPÍA', 50),
(50124, '50124', 'CABUYARO', 50),
(50150, '50150', 'CASTILLA LA NUEVA', 50),
(50223, '50223', 'SAN LUIS DE CUBARRAL', 50),
(50226, '50226', 'CUMARAL', 50),
(50245, '50245', 'EL CALVARIO', 50),
(50251, '50251', 'EL CASTILLO', 50),
(50270, '50270', 'EL DORADO', 50),
(50287, '50287', 'FUENTE DE ORO', 50),
(50313, '50313', 'GRANADA', 50),
(50318, '50318', 'GUAMAL', 50),
(50325, '50325', 'MAPIRIPÁN', 50),
(50330, '50330', 'MESETAS', 50),
(50350, '50350', 'LA MACARENA', 50),
(50370, '50370', 'URIBE', 50),
(50400, '50400', 'LEJANÍAS', 50),
(50450, '50450', 'PUERTO CONCORDIA', 50),
(50568, '50568', 'PUERTO GAITÁN', 50),
(50573, '50573', 'PUERTO LÓPEZ', 50),
(50577, '50577', 'PUERTO LLERAS', 50),
(50590, '50590', 'PUERTO RICO', 50),
(50606, '50606', 'RESTREPO', 50),
(50680, '50680', 'SAN CARLOS DE GUAROA', 50),
(50683, '50683', 'SAN JUAN DE ARAMA', 50),
(50686, '50686', 'SAN JUANITO', 50),
(50689, '50689', 'SAN MARTÍN', 50),
(50711, '50711', 'VISTAHERMOSA', 50),
(52001, '52001', 'PASTO', 52),
(52019, '52019', 'ALBÁN', 52),
(52022, '52022', 'ALDANA', 52),
(52036, '52036', 'ANCUYÁ', 52),
(52051, '52051', 'ARBOLEDA', 52),
(52079, '52079', 'BARBACOAS', 52),
(52083, '52083', 'BELÉN', 52),
(52110, '52110', 'BUESACO', 52),
(52203, '52203', 'COLÓN', 52),
(52207, '52207', 'CONSACÁ', 52),
(52210, '52210', 'CONTADERO', 52),
(52215, '52215', 'CÓRDOBA', 52),
(52224, '52224', 'CUASPÚD', 52),
(52227, '52227', 'CUMBAL', 52),
(52233, '52233', 'CUMBITARA', 52),
(52240, '52240', 'CHACHAGÜÍ', 52),
(52250, '52250', 'EL CHARCO', 52),
(52254, '52254', 'EL PEÑOL', 52),
(52256, '52256', 'EL ROSARIO', 52),
(52258, '52258', 'EL TABLÓN DE GÓMEZ', 52),
(52260, '52260', 'EL TAMBO', 52),
(52287, '52287', 'FUNES', 52),
(52317, '52317', 'GUACHUCAL', 52),
(52320, '52320', 'GUAITARILLA', 52),
(52323, '52323', 'GUALMATÁN', 52),
(52352, '52352', 'ILES', 52),
(52354, '52354', 'IMUÉS', 52),
(52356, '52356', 'IPIALES', 52),
(52378, '52378', 'LA CRUZ', 52),
(52381, '52381', 'LA FLORIDA', 52),
(52385, '52385', 'LA LLANADA', 52),
(52390, '52390', 'LA TOLA', 52),
(52399, '52399', 'LA UNIÓN', 52),
(52405, '52405', 'LEIVA', 52),
(52411, '52411', 'LINARES', 52),
(52418, '52418', 'LOS ANDES', 52),
(52427, '52427', 'MAGÜÍ', 52),
(52435, '52435', 'MALLAMA', 52),
(52473, '52473', 'MOSQUERA', 52),
(52480, '52480', 'NARIÑO', 52),
(52490, '52490', 'OLAYA HERRERA', 52),
(52506, '52506', 'OSPINA', 52),
(52520, '52520', 'FRANCISCO PIZARRO', 52),
(52540, '52540', 'POLICARPA', 52),
(52560, '52560', 'POTOSÍ', 52),
(52565, '52565', 'PROVIDENCIA', 52),
(52573, '52573', 'PUERRES', 52),
(52585, '52585', 'PUPIALES', 52),
(52612, '52612', 'RICAURTE', 52),
(52621, '52621', 'ROBERTO PAYÁN', 52),
(52678, '52678', 'SAMANIEGO', 52),
(52683, '52683', 'SANDONÁ', 52),
(52685, '52685', 'SAN BERNARDO', 52),
(52687, '52687', 'SAN LORENZO', 52),
(52693, '52693', 'SAN PABLO', 52),
(52694, '52694', 'SAN PEDRO DE CARTAGO', 52),
(52696, '52696', 'SANTA BÁRBARA', 52),
(52699, '52699', 'SANTACRUZ', 52),
(52720, '52720', 'SAPUYES', 52),
(52786, '52786', 'TAMINANGO', 52),
(52788, '52788', 'TANGUA', 52),
(52835, '52835', 'SAN ANDRÉS DE TUMACO', 52),
(52838, '52838', 'TÚQUERRES', 52),
(52885, '52885', 'YACUANQUER', 52),
(54001, '54001', 'CÚCUTA', 54),
(54003, '54003', 'ÁBREGO', 54),
(54051, '54051', 'ARBOLEDAS', 54),
(54099, '54099', 'BOCHALEMA', 54),
(54109, '54109', 'BUCARASICA', 54),
(54125, '54125', 'CÁCOTA', 54),
(54128, '54128', 'CÁCHIRA', 54),
(54172, '54172', 'CHINÁCOTA', 54),
(54174, '54174', 'CHITAGÁ', 54),
(54206, '54206', 'CONVENCIÓN', 54),
(54223, '54223', 'CUCUTILLA', 54),
(54239, '54239', 'DURANIA', 54),
(54245, '54245', 'EL CARMEN', 54),
(54250, '54250', 'EL TARRA', 54),
(54261, '54261', 'EL ZULIA', 54),
(54313, '54313', 'GRAMALOTE', 54),
(54344, '54344', 'HACARÍ', 54),
(54347, '54347', 'HERRÁN', 54),
(54377, '54377', 'LABATECA', 54),
(54385, '54385', 'LA ESPERANZA', 54),
(54398, '54398', 'LA PLAYA', 54),
(54405, '54405', 'LOS PATIOS', 54),
(54418, '54418', 'LOURDES', 54),
(54480, '54480', 'MUTISCUA', 54),
(54498, '54498', 'OCAÑA', 54),
(54518, '54518', 'PAMPLONA', 54),
(54520, '54520', 'PAMPLONITA', 54),
(54553, '54553', 'PUERTO SANTANDER', 54),
(54599, '54599', 'RAGONVALIA', 54),
(54660, '54660', 'SALAZAR', 54),
(54670, '54670', 'SAN CALIXTO', 54),
(54673, '54673', 'SAN CAYETANO', 54),
(54680, '54680', 'SANTIAGO', 54),
(54720, '54720', 'SARDINATA', 54),
(54743, '54743', 'SILOS', 54),
(54800, '54800', 'TEORAMA', 54),
(54810, '54810', 'TIBÚ', 54),
(54820, '54820', 'TOLEDO', 54),
(54871, '54871', 'VILLA CARO', 54),
(54874, '54874', 'VILLA DEL ROSARIO', 54),
(63001, '63001', 'ARMENIA', 63),
(63111, '63111', 'BUENAVISTA', 63),
(63130, '63130', 'CALARCÁ', 63),
(63190, '63190', 'CIRCASIA', 63),
(63212, '63212', 'CÓRDOBA', 63),
(63272, '63272', 'FILANDIA', 63),
(63302, '63302', 'GÉNOVA', 63),
(63401, '63401', 'LA TEBAIDA', 63),
(63470, '63470', 'MONTENEGRO', 63),
(63548, '63548', 'PIJAO', 63),
(63594, '63594', 'QUIMBAYA', 63),
(63690, '63690', 'SALENTO', 63),
(66001, '66001', 'PEREIRA', 66),
(66045, '66045', 'APÍA', 66),
(66075, '66075', 'BALBOA', 66),
(66088, '66088', 'BELÉN DE UMBRÍA', 66),
(66170, '66170', 'DOSQUEBRADAS', 66),
(66318, '66318', 'GUÁTICA', 66),
(66383, '66383', 'LA CELIA', 66),
(66400, '66400', 'LA VIRGINIA', 66),
(66440, '66440', 'MARSELLA', 66),
(66456, '66456', 'MISTRATÓ', 66),
(66572, '66572', 'PUEBLO RICO', 66),
(66594, '66594', 'QUINCHÍA', 66),
(66682, '66682', 'SANTA ROSA DE CABAL', 66),
(66687, '66687', 'SANTUARIO', 66),
(68001, '68001', 'BUCARAMANGA', 68),
(68013, '68013', 'AGUADA', 68),
(68020, '68020', 'ALBANIA', 68),
(68051, '68051', 'ARATOCA', 68),
(68077, '68077', 'BARBOSA', 68),
(68079, '68079', 'BARICHARA', 68),
(68081, '68081', 'BARRANCABERMEJA', 68),
(68092, '68092', 'BETULIA', 68),
(68101, '68101', 'BOLÍVAR', 68),
(68121, '68121', 'CABRERA', 68),
(68132, '68132', 'CALIFORNIA', 68),
(68147, '68147', 'CAPITANEJO', 68),
(68152, '68152', 'CARCASÍ', 68),
(68160, '68160', 'CEPITÁ', 68),
(68162, '68162', 'CERRITO', 68),
(68167, '68167', 'CHARALÁ', 68),
(68169, '68169', 'CHARTA', 68),
(68176, '68176', 'CHIMA', 68),
(68179, '68179', 'CHIPATÁ', 68),
(68190, '68190', 'CIMITARRA', 68),
(68207, '68207', 'CONCEPCIÓN', 68),
(68209, '68209', 'CONFINES', 68),
(68211, '68211', 'CONTRATACIÓN', 68),
(68217, '68217', 'COROMORO', 68),
(68229, '68229', 'CURITÍ', 68),
(68235, '68235', 'EL CARMEN DE CHUCURÍ', 68),
(68245, '68245', 'EL GUACAMAYO', 68),
(68250, '68250', 'EL PEÑÓN', 68),
(68255, '68255', 'EL PLAYÓN', 68),
(68264, '68264', 'ENCINO', 68),
(68266, '68266', 'ENCISO', 68),
(68271, '68271', 'FLORIÁN', 68),
(68276, '68276', 'FLORIDABLANCA', 68),
(68296, '68296', 'GALÁN', 68),
(68298, '68298', 'GÁMBITA', 68),
(68307, '68307', 'GIRÓN', 68),
(68318, '68318', 'GUACA', 68),
(68320, '68320', 'GUADALUPE', 68),
(68322, '68322', 'GUAPOTÁ', 68),
(68324, '68324', 'GUAVATÁ', 68),
(68327, '68327', 'GÜEPSA', 68),
(68344, '68344', 'HATO', 68),
(68368, '68368', 'JESÚS MARÍA', 68),
(68370, '68370', 'JORDÁN', 68),
(68377, '68377', 'LA BELLEZA', 68),
(68385, '68385', 'LANDÁZURI', 68),
(68397, '68397', 'LA PAZ', 68),
(68406, '68406', 'LEBRIJA', 68),
(68418, '68418', 'LOS SANTOS', 68),
(68425, '68425', 'MACARAVITA', 68),
(68432, '68432', 'MÁLAGA', 68),
(68444, '68444', 'MATANZA', 68),
(68464, '68464', 'MOGOTES', 68),
(68468, '68468', 'MOLAGAVITA', 68),
(68498, '68498', 'OCAMONTE', 68),
(68500, '68500', 'OIBA', 68),
(68502, '68502', 'ONZAGA', 68),
(68522, '68522', 'PALMAR', 68),
(68524, '68524', 'PALMAS DEL SOCORRO', 68),
(68533, '68533', 'PÁRAMO', 68),
(68547, '68547', 'PIEDECUESTA', 68),
(68549, '68549', 'PINCHOTE', 68),
(68572, '68572', 'PUENTE NACIONAL', 68),
(68573, '68573', 'PUERTO PARRA', 68),
(68575, '68575', 'PUERTO WILCHES', 68),
(68615, '68615', 'RIONEGRO', 68),
(68655, '68655', 'SABANA DE TORRES', 68),
(68669, '68669', 'SAN ANDRÉS', 68),
(68673, '68673', 'SAN BENITO', 68),
(68679, '68679', 'SAN GIL', 68),
(68682, '68682', 'SAN JOAQUÍN', 68),
(68684, '68684', 'SAN JOSÉ DE MIRANDA', 68),
(68686, '68686', 'SAN MIGUEL', 68),
(68689, '68689', 'SAN VICENTE DE CHUCURÍ', 68),
(68705, '68705', 'SANTA BÁRBARA', 68),
(68720, '68720', 'SANTA HELENA DEL OPÓN', 68),
(68745, '68745', 'SIMACOTA', 68),
(68755, '68755', 'SOCORRO', 68),
(68770, '68770', 'SUAITA', 68),
(68773, '68773', 'SUCRE', 68),
(68780, '68780', 'SURATÁ', 68),
(68820, '68820', 'TONA', 68),
(68855, '68855', 'VALLE DE SAN JOSÉ', 68),
(68861, '68861', 'VÉLEZ', 68),
(68867, '68867', 'VETAS', 68),
(68872, '68872', 'VILLANUEVA', 68),
(68895, '68895', 'ZAPATOCA', 68),
(70001, '70001', 'SINCELEJO', 70),
(70110, '70110', 'BUENAVISTA', 70),
(70124, '70124', 'CAIMITO', 70),
(70204, '70204', 'COLOSO', 70),
(70215, '70215', 'COROZAL', 70),
(70221, '70221', 'COVEÑAS', 70),
(70230, '70230', 'CHALÁN', 70),
(70233, '70233', 'EL ROBLE', 70),
(70235, '70235', 'GALERAS', 70),
(70265, '70265', 'GUARANDA', 70),
(70400, '70400', 'LA UNIÓN', 70),
(70418, '70418', 'LOS PALMITOS', 70),
(70429, '70429', 'MAJAGUAL', 70),
(70473, '70473', 'MORROA', 70),
(70508, '70508', 'OVEJAS', 70),
(70523, '70523', 'PALMITO', 70),
(70670, '70670', 'SAMPUÉS', 70),
(70678, '70678', 'SAN BENITO ABAD', 70),
(70702, '70702', 'SAN JUAN DE BETULIA', 70),
(70708, '70708', 'SAN MARCOS', 70),
(70713, '70713', 'SAN ONOFRE', 70),
(70717, '70717', 'SAN PEDRO', 70),
(70742, '70742', 'SAN LUIS DE SINCÉ', 70),
(70771, '70771', 'SUCRE', 70),
(70820, '70820', 'SANTIAGO DE TOLÚ', 70),
(70823, '70823', 'TOLÚ VIEJO', 70),
(73001, '73001', 'IBAGUÉ', 73),
(73024, '73024', 'ALPUJARRA', 73),
(73026, '73026', 'ALVARADO', 73),
(73030, '73030', 'AMBALEMA', 73),
(73043, '73043', 'ANZOÁTEGUI', 73),
(73055, '73055', 'ARMERO GUAYABAL', 73),
(73067, '73067', 'ATACO', 73),
(73124, '73124', 'CAJAMARCA', 73),
(73148, '73148', 'CARMEN DE APICALÁ', 73),
(73152, '73152', 'CASABIANCA', 73),
(73168, '73168', 'CHAPARRAL', 73),
(73200, '73200', 'COELLO', 73),
(73217, '73217', 'COYAIMA', 73),
(73226, '73226', 'CUNDAY', 73),
(73236, '73236', 'DOLORES', 73),
(73268, '73268', 'ESPINAL', 73),
(73270, '73270', 'FALAN', 73),
(73275, '73275', 'FLANDES', 73),
(73283, '73283', 'FRESNO', 73),
(73319, '73319', 'GUAMO', 73),
(73347, '73347', 'HERVEO', 73),
(73349, '73349', 'HONDA', 73),
(73352, '73352', 'ICONONZO', 73),
(73408, '73408', 'LÉRIDA', 73),
(73411, '73411', 'LÍBANO', 73),
(73443, '73443', 'SAN SEBASTIÁN DE MARIQUITA', 73),
(73449, '73449', 'MELGAR', 73),
(73461, '73461', 'MURILLO', 73),
(73483, '73483', 'NATAGAIMA', 73),
(73504, '73504', 'ORTEGA', 73),
(73520, '73520', 'PALOCABILDO', 73),
(73547, '73547', 'PIEDRAS', 73),
(73555, '73555', 'PLANADAS', 73),
(73563, '73563', 'PRADO', 73),
(73585, '73585', 'PURIFICACIÓN', 73),
(73616, '73616', 'RIOBLANCO', 73),
(73622, '73622', 'RONCESVALLES', 73),
(73624, '73624', 'ROVIRA', 73),
(73671, '73671', 'SALDAÑA', 73),
(73675, '73675', 'SAN ANTONIO', 73),
(73678, '73678', 'SAN LUIS', 73),
(73686, '73686', 'SANTA ISABEL', 73),
(73770, '73770', 'SUÁREZ', 73),
(73854, '73854', 'VALLE DE SAN JUAN', 73),
(73861, '73861', 'VENADILLO', 73),
(73870, '73870', 'VILLAHERMOSA', 73),
(73873, '73873', 'VILLARRICA', 73),
(76001, '76001', 'CALI', 76),
(76020, '76020', 'ALCALÁ', 76),
(76036, '76036', 'ANDALUCÍA', 76),
(76041, '76041', 'ANSERMANUEVO', 76),
(76054, '76054', 'ARGELIA', 76),
(76100, '76100', 'BOLÍVAR', 76),
(76109, '76109', 'BUENAVENTURA', 76),
(76111, '76111', 'GUADALAJARA DE BUGA', 76),
(76113, '76113', 'BUGALAGRANDE', 76),
(76122, '76122', 'CAICEDONIA', 76),
(76126, '76126', 'CALIMA', 76),
(76130, '76130', 'CANDELARIA', 76),
(76147, '76147', 'CARTAGO', 76),
(76233, '76233', 'DAGUA', 76),
(76243, '76243', 'EL ÁGUILA', 76),
(76246, '76246', 'EL CAIRO', 76),
(76248, '76248', 'EL CERRITO', 76),
(76250, '76250', 'EL DOVIO', 76),
(76275, '76275', 'FLORIDA', 76),
(76306, '76306', 'GINEBRA', 76),
(76318, '76318', 'GUACARÍ', 76),
(76364, '76364', 'JAMUNDÍ', 76),
(76377, '76377', 'LA CUMBRE', 76),
(76400, '76400', 'LA UNIÓN', 76),
(76403, '76403', 'LA VICTORIA', 76),
(76497, '76497', 'OBANDO', 76),
(76520, '76520', 'PALMIRA', 76),
(76563, '76563', 'PRADERA', 76),
(76606, '76606', 'RESTREPO', 76),
(76616, '76616', 'RIOFRÍO', 76),
(76622, '76622', 'ROLDANILLO', 76),
(76670, '76670', 'SAN PEDRO', 76),
(76736, '76736', 'SEVILLA', 76),
(76823, '76823', 'TORO', 76),
(76828, '76828', 'TRUJILLO', 76),
(76834, '76834', 'TULUÁ', 76),
(76845, '76845', 'ULLOA', 76),
(76863, '76863', 'VERSALLES', 76),
(76869, '76869', 'VIJES', 76),
(76890, '76890', 'YOTOCO', 76),
(76892, '76892', 'YUMBO', 76),
(76895, '76895', 'ZARZAL', 76),
(81001, '81001', 'ARAUCA', 81),
(81065, '81065', 'ARAUQUITA', 81),
(81220, '81220', 'CRAVO NORTE', 81),
(81300, '81300', 'FORTUL', 81),
(81591, '81591', 'PUERTO RONDÓN', 81),
(81736, '81736', 'SARAVENA', 81),
(81794, '81794', 'TAME', 81),
(85001, '85001', 'YOPAL', 85),
(85010, '85010', 'AGUAZUL', 85),
(85015, '85015', 'CHÁMEZA', 85),
(85125, '85125', 'HATO COROZAL', 85),
(85136, '85136', 'LA SALINA', 85),
(85139, '85139', 'MANÍ', 85),
(85162, '85162', 'MONTERREY', 85),
(85225, '85225', 'NUNCHÍA', 85),
(85230, '85230', 'OROCUÉ', 85),
(85250, '85250', 'PAZ DE ARIPORO', 85),
(85263, '85263', 'PORE', 85),
(85279, '85279', 'RECETOR', 85),
(85300, '85300', 'SABANALARGA', 85),
(85315, '85315', 'SÁCAMA', 85),
(85325, '85325', 'SAN LUIS DE PALENQUE', 85),
(85400, '85400', 'TÁMARA', 85),
(85410, '85410', 'TAURAMENA', 85),
(85430, '85430', 'TRINIDAD', 85),
(85440, '85440', 'VILLANUEVA', 85),
(86001, '86001', 'MOCOA', 86),
(86219, '86219', 'COLÓN', 86),
(86320, '86320', 'ORITO', 86),
(86568, '86568', 'PUERTO ASÍS', 86),
(86569, '86569', 'PUERTO CAICEDO', 86),
(86571, '86571', 'PUERTO GUZMÁN', 86),
(86573, '86573', 'PUERTO LEGUÍZAMO', 86),
(86749, '86749', 'SIBUNDOY', 86),
(86755, '86755', 'SAN FRANCISCO', 86),
(86757, '86757', 'SAN MIGUEL', 86),
(86760, '86760', 'SANTIAGO', 86),
(86865, '86865', 'VALLE DEL GUAMUEZ', 86),
(86885, '86885', 'VILLAGARZÓN', 86),
(88001, '88001', 'SAN ANDRÉS', 88),
(88564, '88564', 'PROVIDENCIA', 88),
(91001, '91001', 'LETICIA', 91),
(91263, '91263', 'EL ENCANTO', 91),
(91405, '91405', 'LA CHORRERA', 91),
(91407, '91407', 'LA PEDRERA', 91),
(91430, '91430', 'LA VICTORIA', 91),
(91460, '91460', 'MIRITÍ - PARANÁ', 91),
(91530, '91530', 'PUERTO ALEGRÍA', 91),
(91536, '91536', 'PUERTO ARICA', 91),
(91540, '91540', 'PUERTO NARIÑO', 91),
(91669, '91669', 'PUERTO SANTANDER', 91),
(91798, '91798', 'TARAPACÁ', 91),
(94001, '94001', 'INÍRIDA', 94),
(94343, '94343', 'BARRANCO MINAS', 94),
(94663, '94663', 'MAPIRIPANA', 94),
(94883, '94883', 'SAN FELIPE', 94),
(94884, '94884', 'PUERTO COLOMBIA', 94),
(94885, '94885', 'LA GUADALUPE', 94),
(94886, '94886', 'CACAHUAL', 94),
(94887, '94887', 'PANA PANA', 94),
(94888, '94888', 'MORICHAL', 94),
(95001, '95001', 'SAN JOSÉ DEL GUAVIARE', 95),
(95015, '95015', 'CALAMAR', 95),
(95025, '95025', 'EL RETORNO', 95),
(95200, '95200', 'MIRAFLORES', 95),
(97001, '97001', 'MITÚ', 97),
(97161, '97161', 'CARURÚ', 97),
(97511, '97511', 'PACOA', 97),
(97666, '97666', 'TARAIRA', 97),
(97777, '97777', 'PAPUNAUA', 97),
(97889, '97889', 'YAVARATÉ', 97),
(99001, '99001', 'PUERTO CARREÑO', 99),
(99524, '99524', 'LA PRIMAVERA', 99),
(99624, '99624', 'SANTA ROSALÍA', 99),
(99773, '99773', 'CUMARIBO', 99);

-- --------------------------------------------------------

--
-- Estructura de tabla para la tabla `ptp_country_cou`
--

CREATE TABLE IF NOT EXISTS `ptp_country_cou` (
`cou_id` int(10) unsigned NOT NULL,
  `cou_iso2` varchar(4) COLLATE utf8_unicode_ci NOT NULL,
  `cou_iso3` varchar(4) COLLATE utf8_unicode_ci DEFAULT NULL,
  `cou_prefix` varchar(100) COLLATE utf8_unicode_ci NOT NULL,
  `cou_name` varchar(100) COLLATE utf8_unicode_ci NOT NULL,
  `cou_continent` varchar(100) COLLATE utf8_unicode_ci DEFAULT NULL,
  `cou_sub_continent` varchar(100) COLLATE utf8_unicode_ci DEFAULT NULL,
  `cou_iso_coin` varchar(45) COLLATE utf8_unicode_ci DEFAULT NULL,
  `cou_name_coin` varchar(45) COLLATE utf8_unicode_ci DEFAULT NULL,
  `cou_status` tinyint(4) NOT NULL DEFAULT '1'
) ENGINE=InnoDB AUTO_INCREMENT=895 DEFAULT CHARSET=utf8 COLLATE=utf8_unicode_ci;

--
-- Volcado de datos para la tabla `ptp_country_cou`
--

INSERT INTO `ptp_country_cou` (`cou_id`, `cou_iso2`, `cou_iso3`, `cou_prefix`, `cou_name`, `cou_continent`, `cou_sub_continent`, `cou_iso_coin`, `cou_name_coin`, `cou_status`) VALUES
(4, 'AF', 'AFG', '93', 'Afganistán', 'Asia', NULL, 'AFN', 'Afgani afgano', 0),
(8, 'AL', 'ALB', '355', 'Albania', 'Europa', NULL, 'ALL', 'Lek albanés', 0),
(10, 'AQ', 'ATA', '672', 'Antártida', 'Antártida', NULL, NULL, NULL, 0),
(12, 'DZ', 'DZA', '213', 'Argelia', 'África', NULL, 'DZD', 'Dinar algerino', 0),
(16, 'AS', 'ASM', '1684', 'Samoa Americana', 'Oceanía', NULL, NULL, NULL, 0),
(20, 'AD', 'AND', '376', 'Andorra', 'Europa', NULL, 'EUR', 'Euro', 0),
(24, 'AO', 'AGO', '244', 'Angola', 'África', NULL, 'AOA', 'Kwanza angoleño', 0),
(28, 'AG', 'ATG', '1268', 'Antigua y Barbuda', 'América', 'El Caribe', NULL, NULL, 0),
(31, 'AZ', 'AZE', '994', 'Azerbaiyán', 'Asia', NULL, 'AZM', 'Manat azerbaiyano', 0),
(32, 'AR', 'ARG', '54', 'Argentina', 'América', 'América del Sur', 'ARS', 'Peso argentino', 0),
(36, 'AU', 'AUS', '61', 'Australia', 'Oceanía', NULL, 'AUD', 'Dólar australiano', 0),
(40, 'AT', 'AUT', '43', 'Austria', 'Europa', NULL, 'EUR', 'Euro', 0),
(44, 'BS', 'BHS', '1242', 'Bahamas', 'América', 'El Caribe', 'BSD', 'Dólar bahameño', 0),
(48, 'BH', 'BHR', '973', 'Bahréin', 'Asia', NULL, 'BHD', 'Dinar bahreiní', 0),
(50, 'BD', 'BGD', '880', 'Bangladesh', 'Asia', NULL, 'BDT', 'Taka de Bangladesh', 0),
(51, 'AM', 'ARM', '374', 'Armenia', 'Asia', NULL, 'AMD', 'Dram armenio', 0),
(52, 'BB', 'BRB', '1246', 'Barbados', 'América', 'El Caribe', 'BBD', 'Dólar de Barbados', 0),
(56, 'BE', 'BEL', '32', 'Bélgica', 'Europa', NULL, 'EUR', 'Euro', 0),
(60, 'BM', 'BMU', '1441', 'Bermudas', 'América', 'El Caribe', 'BMD', 'Dólar de Bermuda', 0),
(64, 'BT', 'BTN', '975', 'Bhután', 'Asia', NULL, 'BTN', 'Ngultrum de Bután', 0),
(68, 'BO', 'BOL', '591', 'Bolivia', 'América', 'América del Sur', 'BOB', 'Boliviano', 0),
(70, 'BA', 'BIH', '387', 'Bosnia y Herzegovina', 'Europa', NULL, 'BAM', 'Marco convertible de Bosnia-Herzegovina', 0),
(72, 'BW', 'BWA', '267', 'Botsuana', 'África', NULL, 'BWP', 'Pula de Botsuana', 0),
(74, 'BV', 'BVT', '0', 'Isla Bouvet', NULL, NULL, NULL, NULL, 0),
(76, 'BR', 'BRA', '55', 'Brasil', 'América', 'América del Sur', 'BRL', 'Real brasileño', 0),
(84, 'BZ', 'BLZ', '501', 'Belice', 'América', 'América Central', 'BZD', 'Dólar de Belice', 0),
(86, 'IO', 'IOT', '0', 'Territorio Británico del Océano Índico', NULL, NULL, NULL, NULL, 0),
(90, 'SB', 'SLB', '677', 'Islas Salomón', 'Oceanía', NULL, 'SBD', 'Dólar de las Islas Salomón', 0),
(92, 'VG', 'VGB', '1284', 'Islas Vírgenes Británicas', 'América', 'El Caribe', NULL, NULL, 0),
(96, 'BN', 'BRN', '673', 'Brunéi', 'Asia', NULL, 'BND', 'Dólar de Brunéi', 0),
(100, 'BG', 'BGR', '359', 'Bulgaria', 'Europa', NULL, 'BGN', 'Lev búlgaro', 0),
(104, 'MM', 'MMR', '95', 'Myanmar', 'Asia', NULL, 'MMK', 'Kyat birmano', 0),
(108, 'BI', 'BDI', '257', 'Burundi', 'África', NULL, 'BIF', 'Franco burundés', 0),
(112, 'BY', 'BLR', '375', 'Bielorrusia', 'Europa', NULL, 'BYR', 'Rublo bielorruso', 0),
(116, 'KH', 'KHM', '855', 'Camboya', 'Asia', NULL, 'KHR', 'Riel camboyano', 0),
(120, 'CM', 'CMR', '237', 'Camerún', 'África', NULL, NULL, NULL, 0),
(124, 'CA', 'CAN', '1', 'Canadá', 'América', 'América del Norte', 'CAD', 'Dólar canadiense', 0),
(132, 'CV', 'CPV', '238', 'Cabo Verde', 'África', NULL, 'CVE', 'Escudo caboverdiano', 0),
(136, 'KY', 'CYM', '1345', 'Islas Caimán', 'América', 'El Caribe', 'KYD', 'Dólar caimano (de Islas Caimán)', 0),
(140, 'CF', 'CAF', '236', 'República Centroafricana', 'África', NULL, NULL, NULL, 0),
(144, 'LK', 'LKA', '94', 'Sri Lanka', 'Asia', NULL, 'LKR', 'Rupia de Sri Lanka', 0),
(148, 'TD', 'TCD', '235', 'Chad', 'África', NULL, NULL, NULL, 0),
(152, 'CL', 'CHL', '56', 'Chile', 'América', 'América del Sur', 'CLP', 'Peso chileno', 0),
(156, 'CN', 'CHN', '86', 'China', 'Asia', NULL, 'CNY', 'Yuan Renminbi de China', 0),
(158, 'TW', 'TWN', '886', 'Taiwán', 'Asia', NULL, 'TWD', 'Dólar taiwanés', 0),
(162, 'CX', 'CXR', '61', 'Isla de Navidad', 'Oceanía', NULL, NULL, NULL, 0),
(166, 'CC', 'CCK', '61', 'Islas Cocos', 'Óceanía', NULL, NULL, NULL, 0),
(170, 'CO', 'COL', '57', 'Colombia', 'América', 'América del Sur', 'COP', 'Peso colombiano', 1),
(174, 'KM', 'COM', '269', 'Comoras', 'África', NULL, 'KMF', 'Franco comoriano (de Comoras)', 0),
(175, 'YT', 'MYT', '262', 'Mayotte', 'África', NULL, NULL, NULL, 0),
(178, 'CG', 'COG', '242', 'Congo', 'África', NULL, NULL, NULL, 0),
(180, 'CD', 'COD', '243', 'República Democrática del Congo', 'África', NULL, 'CDF', 'Franco congoleño', 0),
(184, 'CK', 'COK', '682', 'Islas Cook', 'Oceanía', NULL, NULL, NULL, 0),
(188, 'CR', 'CRI', '506', 'Costa Rica', 'América', 'América Central', 'CRC', 'Colón costarricense', 0),
(191, 'HR', 'HRV', '385', 'Croacia', 'Europa', NULL, 'HRK', 'Kuna croata', 0),
(192, 'CU', 'CUB', '53', 'Cuba', 'América', 'El Caribe', 'CUP', 'Peso cubano', 0),
(196, 'CY', 'CYP', '357', 'Chipre', 'Europa', NULL, 'CYP', 'Libra chipriota', 0),
(203, 'CZ', 'CZE', '420', 'República Checa', 'Europa', NULL, 'CZK', 'Koruna checa', 0),
(204, 'BJ', 'BEN', '229', 'Benín', 'África', NULL, NULL, NULL, 0),
(208, 'DK', 'DNK', '45', 'Dinamarca', 'Europa', NULL, 'DKK', 'Corona danesa', 0),
(212, 'DM', 'DMA', '1767', 'Dominica', 'América', 'El Caribe', NULL, NULL, 0),
(214, 'DO', 'DOM', '1809', 'República Dominicana', 'América', 'El Caribe', 'DOP', 'Peso dominicano', 0),
(218, 'EC', 'ECU', '593', 'Ecuador', 'América', 'América del Sur', NULL, NULL, 0),
(222, 'SV', 'SLV', '503', 'El Salvador', 'América', 'América Central', 'SVC', 'Colón salvadoreño', 0),
(226, 'GQ', 'GNQ', '240', 'Guinea Ecuatorial', 'África', NULL, NULL, NULL, 0),
(231, 'ET', 'ETH', '251', 'Etiopía', 'África', NULL, 'ETB', 'Birr etíope', 0),
(232, 'ER', 'ERI', '291', 'Eritrea', 'África', NULL, 'ERN', 'Nakfa eritreo', 0),
(233, 'EE', 'EST', '372', 'Estonia', 'Europa', NULL, 'EEK', 'Corona estonia', 0),
(234, 'FO', 'FRO', '298', 'Islas Feroe', 'Europa', NULL, NULL, NULL, 0),
(238, 'FK', 'FLK', '500', 'Islas Malvinas', 'América', 'América del Sur', 'FKP', 'Libra malvinense', 0),
(239, 'GS', 'SGS', '0', 'Islas Georgias del Sur y Sandwich del Sur', 'América', 'América del Sur', NULL, NULL, 0),
(242, 'FJ', 'FJI', '679', 'Fiyi', 'Oceanía', NULL, 'FJD', 'Dólar fijiano', 0),
(246, 'FI', 'FIN', '358', 'Finlandia', 'Europa', NULL, 'EUR', 'Euro', 0),
(248, 'AX', 'ALA', '0', 'Islas Gland', 'Europa', NULL, NULL, NULL, 0),
(250, 'FR', 'FRA', '33', 'Francia', 'Europa', NULL, 'EUR', 'Euro', 0),
(254, 'GF', 'GUF', '0', 'Guayana Francesa', 'América', 'América del Sur', NULL, NULL, 0),
(258, 'PF', 'PYF', '689', 'Polinesia Francesa', 'Oceanía', NULL, NULL, NULL, 0),
(260, 'TF', 'ATF', '0', 'Territorios Australes Franceses', NULL, NULL, NULL, NULL, 0),
(262, 'DJ', 'DJI', '253', 'Yibuti', 'África', NULL, 'DJF', 'Franco yibutiano', 0),
(266, 'GA', 'GAB', '241', 'Gabón', 'África', NULL, NULL, NULL, 0),
(268, 'GE', 'GEO', '995', 'Georgia', 'Europa', NULL, 'GEL', 'Lari georgiano', 0),
(270, 'GM', 'GMB', '220', 'Gambia', 'África', NULL, 'GMD', 'Dalasi gambiano', 0),
(275, 'PS', 'PSE', '0', 'Palestina', 'Asia', NULL, NULL, NULL, 0),
(276, 'DE', 'DEU', '49', 'Alemania', 'Europa', NULL, 'EUR', 'Euro', 0),
(288, 'GH', 'GHA', '233', 'Ghana', 'África', NULL, 'GHC', 'Cedi ghanés', 0),
(292, 'GI', 'GIB', '350', 'Gibraltar', 'Europa', NULL, 'GIP', 'Libra de Gibraltar', 0),
(296, 'KI', 'KIR', '686', 'Kiribati', 'Oceanía', NULL, NULL, NULL, 0),
(300, 'GR', 'GRC', '30', 'Grecia', 'Europa', NULL, 'EUR', 'Euro', 0),
(304, 'GL', 'GRL', '299', 'Groenlandia', 'América', 'América del Norte', NULL, NULL, 0),
(308, 'GD', 'GRD', '1473', 'Granada', 'América', 'El Caribe', NULL, NULL, 0),
(312, 'GP', 'GLP', '0', 'Guadalupe', 'América', 'El Caribe', NULL, NULL, 0),
(316, 'GU', 'GUM', '1671', 'Guam', 'Oceanía', NULL, NULL, NULL, 0),
(320, 'GT', 'GTM', '502', 'Guatemala', 'América', 'América Central', 'GTQ', 'Quetzal guatemalteco', 0),
(324, 'GN', 'GIN', '224', 'Guinea', 'África', NULL, 'GNF', 'Franco guineano', 0),
(328, 'GY', 'GUY', '592', 'Guyana', 'América', 'América del Sur', 'GYD', 'Dólar guyanés', 0),
(332, 'HT', 'HTI', '509', 'Haití', 'América', 'El Caribe', 'HTG', 'Gourde haitiano', 0),
(334, 'HM', 'HMD', '0', 'Islas Heard y McDonald', 'Oceanía', NULL, NULL, NULL, 0),
(336, 'VA', 'VAT', '39', 'Ciudad del Vaticano', 'Europa', NULL, NULL, NULL, 0),
(340, 'HN', 'HND', '504', 'Honduras', 'América', 'América Central', 'HNL', 'Lempira hondureño', 0),
(344, 'HK', 'HKG', '852', 'Hong Kong', 'Asia', NULL, 'HKD', 'Dólar de Hong Kong', 0),
(348, 'HU', 'HUN', '36', 'Hungría', 'Europa', NULL, 'HUF', 'Forint húngaro', 0),
(352, 'IS', 'ISL', '354', 'Islandia', 'Europa', NULL, 'ISK', 'Króna islandesa', 0),
(356, 'IN', 'IND', '91', 'India', 'Asia', NULL, 'INR', 'Rupia india', 0),
(360, 'ID', 'IDN', '62', 'Indonesia', 'Asia', NULL, 'IDR', 'Rupiah indonesia', 0),
(364, 'IR', 'IRN', '98', 'Irán', 'Asia', NULL, 'IRR', 'Rial iraní', 0),
(368, 'IQ', 'IRQ', '964', 'Iraq', 'Asia', NULL, 'IQD', 'Dinar iraquí', 0),
(372, 'IE', 'IRL', '353', 'Irlanda', 'Europa', NULL, 'EUR', 'Euro', 0),
(376, 'IL', 'ISR', '972', 'Israel', 'Asia', NULL, 'ILS', 'Nuevo shéquel israelí', 0),
(380, 'IT', 'ITA', '39', 'Italia', 'Europa', NULL, 'EUR', 'Euro', 0),
(384, 'CI', 'CIV', '225', 'Costa de Marfil', 'África', NULL, NULL, NULL, 0),
(388, 'JM', 'JAM', '1876', 'Jamaica', 'América', 'El Caribe', 'JMD', 'Dólar jamaicano', 0),
(392, 'JP', 'JPN', '81', 'Japón', 'Asia', NULL, 'JPY', 'Yen japonés', 0),
(398, 'KZ', 'KAZ', '7', 'Kazajstán', 'Asia', NULL, 'KZT', 'Tenge kazajo', 0),
(400, 'JO', 'JOR', '962', 'Jordania', 'Asia', NULL, 'JOD', 'Dinar jordano', 0),
(404, 'KE', 'KEN', '254', 'Kenia', 'África', NULL, 'KES', 'Chelín keniata', 0),
(408, 'KP', 'PRK', '850', 'Corea del Norte', 'Asia', NULL, 'KPW', 'Won norcoreano', 0),
(410, 'KR', 'KOR', '82', 'Corea del Sur', 'Asia', NULL, 'KRW', 'Won surcoreano', 0),
(414, 'KW', 'KWT', '965', 'Kuwait', 'Asia', NULL, 'KWD', 'Dinar kuwaití', 0),
(417, 'KG', 'KGZ', '996', 'Kirguistán', 'Asia', NULL, 'KGS', 'Som kirguís (de Kirguistán)', 0),
(418, 'LA', 'LAO', '856', 'Laos', 'Asia', NULL, 'LAK', 'Kip lao', 0),
(422, 'LB', 'LBN', '961', 'Líbano', 'Asia', NULL, 'LBP', 'Libra libanesa', 0),
(426, 'LS', 'LSO', '266', 'Lesotho', 'África', NULL, 'LSL', 'Loti lesotense', 0),
(428, 'LV', 'LVA', '371', 'Letonia', 'Europa', NULL, 'LVL', 'Lat letón', 0),
(430, 'LR', 'LBR', '231', 'Liberia', 'África', NULL, 'LRD', 'Dólar liberiano', 0),
(434, 'LY', 'LBY', '218', 'Libia', 'África', NULL, 'LYD', 'Dinar libio', 0),
(438, 'LI', 'LIE', '423', 'Liechtenstein', 'Europa', NULL, NULL, NULL, 0),
(440, 'LT', 'LTU', '370', 'Lituania', 'Europa', NULL, 'LTL', 'Litas lituano', 0),
(442, 'LU', 'LUX', '352', 'Luxemburgo', 'Europa', NULL, 'EUR', 'Euro', 0),
(446, 'MO', 'MAC', '853', 'Macao', 'Asia', NULL, 'MOP', 'Pataca de Macao', 0),
(450, 'MG', 'MDG', '261', 'Madagascar', 'África', NULL, 'MGA', 'Ariary malgache', 0),
(454, 'MW', 'MWI', '265', 'Malaui', 'África', NULL, 'MWK', 'Kwacha malauiano', 0),
(458, 'MY', 'MYS', '60', 'Malasia', 'Asia', NULL, 'MYR', 'Ringgit malayo', 0),
(462, 'MV', 'MDV', '960', 'Maldivas', 'Asia', NULL, 'MVR', 'Rufiyaa maldiva', 0),
(466, 'ML', 'MLI', '223', 'Malí', 'África', NULL, NULL, NULL, 0),
(470, 'MT', 'MLT', '356', 'Malta', 'Europa', NULL, 'MTL', 'Lira maltesa', 0),
(474, 'MQ', 'MTQ', '0', 'Martinica', 'América', 'El Caribe', NULL, NULL, 0),
(478, 'MR', 'MRT', '222', 'Mauritania', 'África', NULL, 'MRO', 'Ouguiya mauritana', 0),
(480, 'MU', 'MUS', '230', 'Mauricio', 'África', NULL, 'MUR', 'Rupia mauricia', 0),
(484, 'MX', 'MEX', '52', 'México', 'América', 'América del Norte', 'MXN', 'Peso mexicano', 0),
(492, 'MC', 'MCO', '377', 'Mónaco', 'Europa', NULL, NULL, NULL, 0),
(496, 'MN', 'MNG', '976', 'Mongolia', 'Asia', NULL, 'MNT', 'Tughrik mongol', 0),
(498, 'MD', 'MDA', '373', 'Moldavia', 'Europa', NULL, 'MDL', 'Leu moldavo', 0),
(499, 'ME', 'MNE', '382', 'Montenegro', 'Europa', NULL, NULL, NULL, 0),
(500, 'MS', 'MSR', '1664', 'Montserrat', 'América', 'El Caribe', NULL, NULL, 0),
(504, 'MA', 'MAR', '212', 'Marruecos', 'África', NULL, 'MAD', 'Dirham marroquí', 0),
(508, 'MZ', 'MOZ', '258', 'Mozambique', 'África', NULL, 'MZM', 'Metical mozambiqueño', 0),
(512, 'OM', 'OMN', '968', 'Omán', 'Asia', NULL, 'OMR', 'Rial omaní', 0),
(516, 'NA', 'NAM', '264', 'Namibia', 'África', NULL, 'NAD', 'Dólar namibio', 0),
(520, 'NR', 'NRU', '674', 'Nauru', 'Oceanía', NULL, NULL, NULL, 0),
(524, 'NP', 'NPL', '977', 'Nepal', 'Asia', NULL, 'NPR', 'Rupia nepalesa', 0),
(528, 'NL', 'NLD', '31', 'Países Bajos', 'Europa', NULL, 'EUR', 'Euro', 0),
(530, 'AN', 'ANT', '599', 'Antillas Holandesas', 'América', 'El Caribe', 'ANG', 'Florín antillano neerlandés', 0),
(533, 'AW', 'ABW', '297', 'Aruba', 'América', 'El Caribe', 'AWG', 'Florín arubeño', 0),
(540, 'NC', 'NCL', '687', 'Nueva Caledonia', 'Oceanía', NULL, NULL, NULL, 0),
(548, 'VU', 'VUT', '678', 'Vanuatu', 'Oceanía', NULL, 'VUV', 'Vatu vanuatense', 0),
(554, 'NZ', 'NZL', '64', 'Nueva Zelanda', 'Oceanía', NULL, 'NZD', 'Dólar neozelandés', 0),
(558, 'NI', 'NIC', '505', 'Nicaragua', 'América', 'América Central', 'NIO', 'Córdoba nicaragüense', 0),
(562, 'NE', 'NER', '227', 'Níger', 'África', NULL, NULL, NULL, 0),
(566, 'NG', 'NGA', '234', 'Nigeria', 'África', NULL, 'NGN', 'Naira nigeriana', 0),
(570, 'NU', 'NIU', '683', 'Niue', 'Oceanía', NULL, NULL, NULL, 0),
(574, 'NF', 'NFK', '0', 'Isla Norfolk', 'Oceanía', NULL, NULL, NULL, 0),
(578, 'NO', 'NOR', '47', 'Noruega', 'Europa', NULL, 'NOK', 'Corona noruega', 0),
(580, 'MP', 'MNP', '1670', 'Islas Marianas del Norte', 'Oceanía', NULL, NULL, NULL, 0),
(581, 'UM', 'UMI', '0', 'Islas Ultramarinas de Estados Unidos', NULL, NULL, NULL, NULL, 0),
(583, 'FM', 'FSM', '691', 'Micronesia', 'Oceanía', NULL, NULL, NULL, 0),
(584, 'MH', 'MHL', '692', 'Islas Marshall', 'Oceanía', NULL, NULL, NULL, 0),
(585, 'PW', 'PLW', '680', 'Palaos', 'Oceanía', NULL, NULL, NULL, 0),
(586, 'PK', 'PAK', '92', 'Pakistán', 'Asia', NULL, 'PKR', 'Rupia pakistaní', 0),
(591, 'PA', 'PAN', '507', 'Panamá', 'América', 'América Central', 'PAB', 'Balboa panameña', 0),
(598, 'PG', 'PNG', '675', 'Papúa Nueva Guinea', 'Oceanía', NULL, 'PGK', 'Kina de Papúa Nueva Guinea', 0),
(600, 'PY', 'PRY', '595', 'Paraguay', 'América', 'América del Sur', 'PYG', 'Guaraní paraguayo', 0),
(604, 'PE', 'PER', '51', 'Perú', 'América', 'América del Sur', 'PEN', 'Nuevo sol peruano', 0),
(608, 'PH', 'PHL', '63', 'Filipinas', 'Asia', NULL, 'PHP', 'Peso filipino', 0),
(612, 'PN', 'PCN', '870', 'Islas Pitcairn', 'Oceanía', NULL, NULL, NULL, 0),
(616, 'PL', 'POL', '48', 'Polonia', 'Europa', NULL, 'PLN', 'zloty polaco', 0),
(620, 'PT', 'PRT', '351', 'Portugal', 'Europa', NULL, 'EUR', 'Euro', 0),
(624, 'GW', 'GNB', '245', 'Guinea-Bissau', 'África', NULL, NULL, NULL, 0),
(626, 'TL', 'TLS', '670', 'Timor Oriental', 'Asia', NULL, NULL, NULL, 0),
(630, 'PR', 'PRI', '1', 'Puerto Rico', 'América', 'El Caribe', NULL, NULL, 0),
(634, 'QA', 'QAT', '974', 'Qatar', 'Asia', NULL, 'QAR', 'Rial qatarí', 0),
(638, 'RE', 'REU', '262', 'Reunión', 'África', NULL, NULL, NULL, 0),
(642, 'RO', 'ROU', '40', 'Rumania', 'Europa', NULL, 'RON', 'Leu rumano', 0),
(643, 'RU', 'RUS', '7', 'Rusia', 'Asia', NULL, 'RUB', 'Rublo ruso', 0),
(646, 'RW', 'RWA', '250', 'Ruanda', 'África', NULL, 'RWF', 'Franco ruandés', 0),
(654, 'SH', 'SHN', '290', 'Santa Helena', 'África', NULL, 'SHP', 'Libra de Santa Helena', 0),
(659, 'KN', 'KNA', '1869', 'San Cristóbal y Nieves', 'América', 'El Caribe', NULL, NULL, 0),
(660, 'AI', 'AIA', '1264', 'Anguila', 'América', 'El Caribe', NULL, NULL, 0),
(662, 'LC', 'LCA', '1758', 'Santa Lucía', 'América', 'El Caribe', NULL, NULL, 0),
(666, 'PM', 'SPM', '508', 'San Pedro y Miquelón', 'América', 'América del Norte', NULL, NULL, 0),
(670, 'VC', 'VCT', '1784', 'San Vicente y las Granadinas', 'América', 'El Caribe', NULL, NULL, 0),
(674, 'SM', 'SMR', '378', 'San Marino', 'Europa', NULL, NULL, NULL, 0),
(678, 'ST', 'STP', '239', 'Santo Tomé y Príncipe', 'África', NULL, 'STD', 'Dobra de Santo Tomé y Príncipe', 0),
(682, 'SA', 'SAU', '966', 'Arabia Saudí', 'Asia', NULL, 'SAR', 'Riyal saudí', 0),
(686, 'SN', 'SEN', '221', 'Senegal', 'África', NULL, NULL, NULL, 0),
(688, 'RS', 'SRB', '381', 'Serbia', 'Europa', NULL, NULL, NULL, 0),
(690, 'SC', 'SYC', '248', 'Seychelles', 'África', NULL, 'SCR', 'Rupia de Seychelles', 0),
(694, 'SL', 'SLE', '232', 'Sierra Leona', 'África', NULL, 'SLL', 'Leone de Sierra Leona', 0),
(702, 'SG', 'SGP', '65', 'Singapur', 'Asia', NULL, 'SGD', 'Dólar de Singapur', 0),
(703, 'SK', 'SVK', '421', 'Eslovaquia', 'Europa', NULL, 'SKK', 'Corona eslovaca', 0),
(704, 'VN', 'VNM', '84', 'Vietnam', 'Asia', NULL, 'VND', 'Dong vietnamita', 0),
(705, 'SI', 'SVN', '386', 'Eslovenia', 'Europa', NULL, NULL, NULL, 0),
(706, 'SO', 'SOM', '252', 'Somalia', 'África', NULL, 'SOS', 'Chelín somalí', 0),
(710, 'ZA', 'ZAF', '27', 'Sudáfrica', 'África', NULL, 'ZAR', 'Rand sudafricano', 0),
(716, 'ZW', 'ZWE', '263', 'Zimbabue', 'África', NULL, 'ZWL', 'Dólar zimbabuense', 0),
(724, 'ES', 'ESP', '34', 'España', 'Europa', NULL, 'EUR', 'Euro', 0),
(732, 'EH', 'ESH', '0', 'Sahara Occidental', 'África', NULL, NULL, NULL, 0),
(736, 'SD', 'SDN', '249', 'Sudán', 'África', NULL, 'SDD', 'Dinar sudanés', 0),
(740, 'SR', 'SUR', '597', 'Surinam', 'América', 'América del Sur', 'SRD', 'Dólar surinamés', 0),
(744, 'SJ', 'SJM', '0', 'Svalbard y Jan Mayen', 'Europa', NULL, NULL, NULL, 0),
(748, 'SZ', 'SWZ', '268', 'Suazilandia', 'África', NULL, 'SZL', 'Lilangeni suazi', 0),
(752, 'SE', 'SWE', '46', 'Suecia', 'Europa', NULL, 'SEK', 'Corona sueca', 0),
(756, 'CH', 'CHE', '41', 'Suiza', 'Europa', NULL, 'CHF', 'Franco suizo', 0),
(760, 'SY', 'SYR', '963', 'Siria', 'Asia', NULL, 'SYP', 'Libra siria', 0),
(762, 'TJ', 'TJK', '992', 'Tayikistán', 'Asia', NULL, 'TJS', 'Somoni tayik (de Tayikistán)', 0),
(764, 'TH', 'THA', '66', 'Tailandia', 'Asia', NULL, 'THB', 'Baht tailandés', 0),
(768, 'TG', 'TGO', '228', 'Togo', 'África', NULL, NULL, NULL, 0),
(772, 'TK', 'TKL', '690', 'Tokelau', 'Oceanía', NULL, NULL, NULL, 0),
(776, 'TO', 'TON', '676', 'Tonga', 'Oceanía', NULL, 'TOP', 'Pa''anga tongano', 0),
(780, 'TT', 'TTO', '1868', 'Trinidad y Tobago', 'América', 'El Caribe', 'TTD', 'Dólar de Trinidad y Tobago', 0),
(784, 'AE', 'ARE', '971', 'Emiratos Árabes Unidos', 'Asia', NULL, 'AED', 'Dirham de los Emiratos Árabes Unidos', 0),
(788, 'TN', 'TUN', '216', 'Túnez', 'África', NULL, 'TND', 'Dinar tunecino', 0),
(792, 'TR', 'TUR', '90', 'Turquía', 'Asia', NULL, 'TRY', 'Lira turca', 0),
(795, 'TM', 'TKM', '993', 'Turkmenistán', 'Asia', NULL, 'TMM', 'Manat turcomano', 0),
(796, 'TC', 'TCA', '1649', 'Islas Turcas y Caicos', 'América', 'El Caribe', NULL, NULL, 0),
(798, 'TV', 'TUV', '688', 'Tuvalu', 'Oceanía', NULL, NULL, NULL, 0),
(800, 'UG', 'UGA', '256', 'Uganda', 'África', NULL, 'UGX', 'Chelín ugandés', 0),
(804, 'UA', 'UKR', '380', 'Ucrania', 'Europa', NULL, 'UAH', 'Grivna ucraniana', 0),
(807, 'MK', 'MKD', '389', 'Macedonia', 'Europa', NULL, 'MKD', 'Denar macedonio', 0),
(818, 'EG', 'EGY', '20', 'Egipto', 'África', NULL, 'EGP', 'Libra egipcia', 0),
(826, 'GB', 'GBR', '44', 'Reino Unido', 'Europa', NULL, 'GBP', 'Libra esterlina (libra de Gran Bretaña)', 0),
(834, 'TZ', 'TZA', '255', 'Tanzania', 'África', NULL, 'TZS', 'Chelín tanzano', 0),
(840, 'US', 'USA', '1', 'Estados Unidos', 'América', 'América del Norte', 'USD', 'Dólar estadounidense', 0),
(850, 'VI', 'VIR', '1340', 'Islas Vírgenes de los Estados Unidos', 'América', 'El Caribe', NULL, NULL, 0),
(854, 'BF', 'BFA', '226', 'Burkina Faso', 'África', NULL, NULL, NULL, 0),
(858, 'UY', 'URY', '598', 'Uruguay', 'América', 'América del Sur', 'UYU', 'Peso uruguayo', 0),
(860, 'UZ', 'UZB', '998', 'Uzbekistán', 'Asia', NULL, 'UZS', 'Som uzbeko', 0),
(862, 'VE', 'VEN', '58', 'Venezuela', 'América', 'América del Sur', 'VEB', 'Bolívar venezolano', 0),
(876, 'WF', 'WLF', '681', 'Wallis y Futuna', 'Oceanía', NULL, NULL, NULL, 0),
(882, 'WS', 'WSM', '685', 'Samoa', 'Oceanía', NULL, 'WST', 'Tala samoana', 0),
(887, 'YE', 'YEM', '967', 'Yemen', 'Asia', NULL, 'YER', 'Rial yemení (de Yemen)', 0),
(894, 'ZM', 'ZMB', '260', 'Zambia', 'África', NULL, 'ZMK', 'Kwacha zambiano', 0);

-- --------------------------------------------------------

--
-- Estructura de tabla para la tabla `ptp_payment_pay`
--

CREATE TABLE IF NOT EXISTS `ptp_payment_pay` (
`pay_id` int(10) unsigned NOT NULL,
  `pay_reference` varchar(223) NOT NULL,
  `pay_description` longtext NOT NULL,
  `pay_bank` int(11) NOT NULL,
  `pay_bank_type` int(11) NOT NULL,
  `pay_total_amount` varchar(45) NOT NULL,
  `pay_tax_amount` varchar(45) NOT NULL,
  `pay_devolution_base` varchar(45) NOT NULL,
  `pay_tip_amount` varchar(45) NOT NULL,
  `pay_document` varchar(65) NOT NULL,
  `pay_document_type` varchar(45) NOT NULL,
  `pay_first_name` varchar(255) NOT NULL,
  `pay_last_name` varchar(255) NOT NULL,
  `pay_company` varchar(255) DEFAULT NULL,
  `pay_email_address` varchar(255) NOT NULL,
  `pay_address` varchar(255) NOT NULL,
  `pay_city` varchar(155) NOT NULL,
  `pay_province` varchar(255) NOT NULL,
  `pay_country` varchar(45) NOT NULL,
  `pay_phone` varchar(45) DEFAULT NULL,
  `pay_mobile` varchar(20) NOT NULL,
  `pay_ip_address` varchar(45) NOT NULL,
  `pay_user_agent` varchar(45) NOT NULL,
  `pay_date_register` timestamp NOT NULL DEFAULT CURRENT_TIMESTAMP
) ENGINE=InnoDB AUTO_INCREMENT=9 DEFAULT CHARSET=utf8;

--
-- Volcado de datos para la tabla `ptp_payment_pay`
--

INSERT INTO `ptp_payment_pay` (`pay_id`, `pay_reference`, `pay_description`, `pay_bank`, `pay_bank_type`, `pay_total_amount`, `pay_tax_amount`, `pay_devolution_base`, `pay_tip_amount`, `pay_document`, `pay_document_type`, `pay_first_name`, `pay_last_name`, `pay_company`, `pay_email_address`, `pay_address`, `pay_city`, `pay_province`, `pay_country`, `pay_phone`, `pay_mobile`, `pay_ip_address`, `pay_user_agent`, `pay_date_register`) VALUES
(1, '1035420', 'Pago de pruebas', 1022, 0, '87000', '0', '0', '0', '1033651232', 'CC', 'Hugo', 'Londoño', '', 'hugohlondono@gmail.com', 'calle 56 # 63 - 74 int 302', 'BELLO', 'ANTIOQUIA', '', '', '3105430680', '::1', 'Mozilla/5.0 (Windows NT 10.0; Win64; x64) App', '2018-06-24 17:21:50'),
(2, '1035420', 'Pago de pruebas', 1022, 0, '87000', '0', '0', '0', '1033651232', 'CC', 'Hugo Hernando', 'Londoño', 'Punto', 'hugohlondonol@gmail.com', 'calle 56 # 63 - 76 int 302', 'BELLO', 'ANTIOQUIA', 'COP', '2720770', '3105430680', '::1', 'Mozilla/5.0 (Windows NT 10.0; Win64; x64) App', '2018-06-24 17:28:40'),
(3, '1035420', 'Pago de pruebas', 1022, 0, '87000', '0', '0', '0', '1033657426', 'CC', 'Jessica', 'Taborda Correa', '', 'jessitc04@gmail.com', 'calle 56 # 63 - 74 int 302', 'CIUDAD BOLÍVAR', 'ANTIOQUIA', 'COP', '', '3137466373', '::1', 'Mozilla/5.0 (Windows NT 10.0; Win64; x64) App', '2018-06-24 17:36:47'),
(4, '1035420', 'Pago de pruebas', 1022, 0, '87000', '0', '0', '0', '1033654258', 'CC', 'Carlos', 'Mejia', '', 'mejia@gmail.com', 'cale 56 # 85 - 45', 'BELLO', 'ANTIOQUIA', 'COP', '', '3104575241', '::1', 'Mozilla/5.0 (Windows NT 10.0; Win64; x64) App', '2018-06-24 17:52:04'),
(5, '1035420', 'Pago de pruebas', 1022, 0, '87000', '0', '0', '0', '1033651428', 'CC', 'Claudia', 'Mejia Valencia', '', 'hugohlondonol@gmail.com', 'calle 56 @ 63 - 76 int 302', 'CIUDAD BOLÍVAR', 'ANTIOQUIA', 'COP', '', '3105430680', '::1', 'Mozilla/5.0 (Windows NT 10.0; Win64; x64) App', '2018-06-24 18:14:44'),
(6, '1035420', 'Pago de pruebas', 1022, 0, '87000', '0', '0', '0', '1033651232', 'CC', 'Hugo H', 'Londoño L', '', 'hugohlondonol@gmail.com', 'calle 56 # 63 - 74 int 302', 'BELLO', 'ANTIOQUIA', 'COP', '', '3105430680', '::1', 'Mozilla/5.0 (Windows NT 10.0; Win64; x64) App', '2018-06-24 19:26:29'),
(7, '1035420', 'Pago de pruebas', 1022, 0, '87000', '0', '0', '0', '10336548554', 'CC', 'Diego', 'Jaramillo', '', 'hugohlondonol@gmail.com', 'calle 85 # 45 - 85', 'MEDELLÍN', 'ANTIOQUIA', 'COP', '', '3125485005', '::1', 'Mozilla/5.0 (Windows NT 10.0; Win64; x64) App', '2018-06-24 19:33:08'),
(8, '1035420', 'Pago de pruebas', 1022, 0, '87000', '0', '0', '0', '1355485250', 'CC', 'Diego', 'Jaramillo', '', 'hugohlondonol@gmail.com', 'calle 56', 'MEDELLÍN', 'ANTIOQUIA', 'COP', '', '3125480770', '::1', 'Mozilla/5.0 (Windows NT 10.0; Win64; x64) App', '2018-06-24 19:35:56');

-- --------------------------------------------------------

--
-- Estructura de tabla para la tabla `ptp_province_pro`
--

CREATE TABLE IF NOT EXISTS `ptp_province_pro` (
`pro_id` int(10) unsigned NOT NULL,
  `pro_cod_province` varchar(45) COLLATE utf8_unicode_ci NOT NULL,
  `pro_province` varchar(100) COLLATE utf8_unicode_ci NOT NULL,
  `ptp_country_cou_cou_id` int(10) unsigned NOT NULL
) ENGINE=InnoDB AUTO_INCREMENT=100 DEFAULT CHARSET=utf8 COLLATE=utf8_unicode_ci;

--
-- Volcado de datos para la tabla `ptp_province_pro`
--

INSERT INTO `ptp_province_pro` (`pro_id`, `pro_cod_province`, `pro_province`, `ptp_country_cou_cou_id`) VALUES
(5, '05', 'ANTIOQUIA', 170),
(8, '08', 'ATLÁNTICO', 170),
(11, '11', 'BOGOTÁ, D.C.', 170),
(13, '13', 'BOLÍVAR', 170),
(15, '15', 'BOYACÁ', 170),
(17, '17', 'CALDAS', 170),
(18, '18', 'CAQUETÁ', 170),
(19, '19', 'CAUCA', 170),
(20, '20', 'CESAR', 170),
(23, '23', 'CÓRDOBA', 170),
(25, '25', 'CUNDINAMARCA', 170),
(27, '27', 'CHOCÓ', 170),
(41, '41', 'HUILA', 170),
(44, '44', 'LA GUAJIRA', 170),
(47, '47', 'MAGDALENA', 170),
(50, '50', 'META', 170),
(52, '52', 'NARIÑO', 170),
(54, '54', 'NORTE DE SANTANDER', 170),
(63, '63', 'QUINDIO', 170),
(66, '66', 'RISARALDA', 170),
(68, '68', 'SANTANDER', 170),
(70, '70', 'SUCRE', 170),
(73, '73', 'TOLIMA', 170),
(76, '76', 'VALLE DEL CAUCA', 170),
(81, '81', 'ARAUCA', 170),
(85, '85', 'CASANARE', 170),
(86, '86', 'PUTUMAYO', 170),
(88, '88', 'SAN ANDRÉS Y PROVIDENCIA', 170),
(91, '91', 'AMAZONAS', 170),
(94, '94', 'GUAINÍA', 170),
(95, '95', 'GUAVIARE', 170),
(97, '97', 'VAUPÉS', 170),
(99, '99', 'VICHADA', 170);

-- --------------------------------------------------------

--
-- Estructura de tabla para la tabla `ptp_result_payment_rpa`
--

CREATE TABLE IF NOT EXISTS `ptp_result_payment_rpa` (
`rpa_id` int(10) unsigned NOT NULL,
  `rpa_pay_id` int(10) unsigned NOT NULL,
  `rpa_status` varchar(155) NOT NULL,
  `rpa_trazability_code` varchar(45) DEFAULT NULL,
  `rpa_transaction_cycle` varchar(45) DEFAULT NULL,
  `rpa_transaction_id` varchar(45) DEFAULT NULL,
  `rpa_session_id` varchar(255) DEFAULT NULL,
  `rpa_bank_currency` varchar(45) DEFAULT NULL,
  `rpa_bank_factor` varchar(45) DEFAULT NULL,
  `rpa_response_code` varchar(45) DEFAULT NULL,
  `rpa_response_reason_code` varchar(155) DEFAULT NULL,
  `rpa_response_reason_text` varchar(255) NOT NULL,
  `rpa_date_register` timestamp NOT NULL DEFAULT CURRENT_TIMESTAMP
) ENGINE=InnoDB AUTO_INCREMENT=14 DEFAULT CHARSET=utf8;

--
-- Volcado de datos para la tabla `ptp_result_payment_rpa`
--

INSERT INTO `ptp_result_payment_rpa` (`rpa_id`, `rpa_pay_id`, `rpa_status`, `rpa_trazability_code`, `rpa_transaction_cycle`, `rpa_transaction_id`, `rpa_session_id`, `rpa_bank_currency`, `rpa_bank_factor`, `rpa_response_code`, `rpa_response_reason_code`, `rpa_response_reason_text`, `rpa_date_register`) VALUES
(1, 1, 'SUCCESS', '1440383', '3', '1459337396', '1d4bf74e445ef37c4f826685c3c14006', 'COP', '1', '3', '?-', 'Transacción pendiente. Por favor verificar si el débito fue realizado en el Banco.', '2018-06-24 17:21:53'),
(2, 2, 'SUCCESS', '1440384', '3', '1459337475', '09de37362baee5180f53efd36d4ce48e', 'COP', '1', '3', '?-', 'Transacción pendiente. Por favor verificar si el débito fue realizado en el Banco.', '2018-06-24 17:28:45'),
(3, 3, 'SUCCESS', '1440386', '3', '1459337565', '73bb62072b067c99ac981888a96955b3', 'COP', '1', '3', '?-', 'Transacción pendiente. Por favor verificar si el débito fue realizado en el Banco.', '2018-06-24 17:36:51'),
(4, 4, 'SUCCESS', '1440387', '3', '1459337721', 'e6e64681e42fe3e90960195f4974e8e1', 'COP', '1', '3', '?-', 'Transacción pendiente. Por favor verificar si el débito fue realizado en el Banco.', '2018-06-24 17:52:06'),
(5, 5, 'SUCCESS', '1440388', '3', '1459337904', 'd0acffe670908070b3254212de6b1233', 'COP', '1', '3', '?-', 'Transacción pendiente. Por favor verificar si el débito fue realizado en el Banco.', '2018-06-24 18:14:46'),
(6, 5, 'SUCCESS', '1440388', '-1', '1459337904', 'd0acffe670908070b3254212de6b1233', '?', '?', '0', '?5', 'Fallida, Transacción no realizada en la entidad financiera', '2018-06-24 19:10:02'),
(7, 5, 'SUCCESS', '1440388', '-1', '1459337904', 'd0acffe670908070b3254212de6b1233', '?', '?', '0', '?5', 'Fallida, Transacción no realizada en la entidad financiera', '2018-06-24 19:11:26'),
(8, 5, 'SUCCESS', '1440388', '-1', '1459337904', 'd0acffe670908070b3254212de6b1233', '?', '?', '0', '?5', 'Fallida, Transacción no realizada en la entidad financiera', '2018-06-24 19:11:59'),
(9, 5, 'SUCCESS', '1440388', '-1', '1459337904', 'd0acffe670908070b3254212de6b1233', '?', '?', '0', '?5', 'Fallida, Transacción no realizada en la entidad financiera', '2018-06-24 19:12:48'),
(10, 6, 'SUCCESS', '1440391', '4', '1459338425', '44f23647695dd70a6da049ad18c0e5d1', 'COP', '1', '3', '?-', 'Transacción pendiente. Por favor verificar si el débito fue realizado en el Banco.', '2018-06-24 19:26:34'),
(11, 6, 'SUCCESS', '1440391', '4', '1459338425', '44f23647695dd70a6da049ad18c0e5d1', '?', '?', '1', '00', 'Aprobada', '2018-06-24 19:28:48'),
(12, 8, 'SUCCESS', '1440392', '4', '1459338467', '9f9d6b8906a7bfa4d1a23d4ce2fb586b', 'COP', '1', '3', '?-', 'Transacción pendiente. Por favor verificar si el débito fue realizado en el Banco.', '2018-06-24 19:35:58'),
(13, 8, 'SUCCESS', '1440392', '4', '1459338467', '9f9d6b8906a7bfa4d1a23d4ce2fb586b', '?', '?', '1', '00', 'Aprobada', '2018-06-24 19:36:27');

--
-- Índices para tablas volcadas
--

--
-- Indices de la tabla `ptp_bank_ban`
--
ALTER TABLE `ptp_bank_ban`
 ADD PRIMARY KEY (`ban_id`), ADD UNIQUE KEY `ban_id_UNIQUE` (`ban_id`);

--
-- Indices de la tabla `ptp_city_cit`
--
ALTER TABLE `ptp_city_cit`
 ADD PRIMARY KEY (`cit_id`), ADD UNIQUE KEY `cit_cod_city_UNIQUE` (`cit_cod_city`), ADD KEY `fk_ptp_city_cit_ptp_province_pro1_idx` (`ptp_province_pro_pro_id`);

--
-- Indices de la tabla `ptp_country_cou`
--
ALTER TABLE `ptp_country_cou`
 ADD PRIMARY KEY (`cou_id`);

--
-- Indices de la tabla `ptp_payment_pay`
--
ALTER TABLE `ptp_payment_pay`
 ADD PRIMARY KEY (`pay_id`);

--
-- Indices de la tabla `ptp_province_pro`
--
ALTER TABLE `ptp_province_pro`
 ADD PRIMARY KEY (`pro_id`), ADD UNIQUE KEY `pro_cod_province_UNIQUE` (`pro_cod_province`), ADD KEY `fk_ptp_province_pro_ptp_country_cou1_idx` (`ptp_country_cou_cou_id`);

--
-- Indices de la tabla `ptp_result_payment_rpa`
--
ALTER TABLE `ptp_result_payment_rpa`
 ADD PRIMARY KEY (`rpa_id`), ADD KEY `fk_ptp_result_payment_rpa_ptp_payment_pay_idx` (`rpa_pay_id`);

--
-- AUTO_INCREMENT de las tablas volcadas
--

--
-- AUTO_INCREMENT de la tabla `ptp_city_cit`
--
ALTER TABLE `ptp_city_cit`
MODIFY `cit_id` int(10) unsigned NOT NULL AUTO_INCREMENT,AUTO_INCREMENT=99774;
--
-- AUTO_INCREMENT de la tabla `ptp_country_cou`
--
ALTER TABLE `ptp_country_cou`
MODIFY `cou_id` int(10) unsigned NOT NULL AUTO_INCREMENT,AUTO_INCREMENT=895;
--
-- AUTO_INCREMENT de la tabla `ptp_payment_pay`
--
ALTER TABLE `ptp_payment_pay`
MODIFY `pay_id` int(10) unsigned NOT NULL AUTO_INCREMENT,AUTO_INCREMENT=9;
--
-- AUTO_INCREMENT de la tabla `ptp_province_pro`
--
ALTER TABLE `ptp_province_pro`
MODIFY `pro_id` int(10) unsigned NOT NULL AUTO_INCREMENT,AUTO_INCREMENT=100;
--
-- AUTO_INCREMENT de la tabla `ptp_result_payment_rpa`
--
ALTER TABLE `ptp_result_payment_rpa`
MODIFY `rpa_id` int(10) unsigned NOT NULL AUTO_INCREMENT,AUTO_INCREMENT=14;
--
-- Restricciones para tablas volcadas
--

--
-- Filtros para la tabla `ptp_city_cit`
--
ALTER TABLE `ptp_city_cit`
ADD CONSTRAINT `fk_ptp_city_cit_ptp_province_pro1` FOREIGN KEY (`ptp_province_pro_pro_id`) REFERENCES `ptp_province_pro` (`pro_id`) ON DELETE NO ACTION ON UPDATE NO ACTION;

--
-- Filtros para la tabla `ptp_province_pro`
--
ALTER TABLE `ptp_province_pro`
ADD CONSTRAINT `fk_ptp_province_pro_ptp_country_cou1` FOREIGN KEY (`ptp_country_cou_cou_id`) REFERENCES `ptp_country_cou` (`cou_id`) ON DELETE NO ACTION ON UPDATE NO ACTION;

--
-- Filtros para la tabla `ptp_result_payment_rpa`
--
ALTER TABLE `ptp_result_payment_rpa`
ADD CONSTRAINT `fk_ptp_result_payment_rpa_ptp_payment_pay` FOREIGN KEY (`rpa_pay_id`) REFERENCES `ptp_payment_pay` (`pay_id`) ON DELETE NO ACTION ON UPDATE NO ACTION;

/*!40101 SET CHARACTER_SET_CLIENT=@OLD_CHARACTER_SET_CLIENT */;
/*!40101 SET CHARACTER_SET_RESULTS=@OLD_CHARACTER_SET_RESULTS */;
/*!40101 SET COLLATION_CONNECTION=@OLD_COLLATION_CONNECTION */;
